selection_rank,candidate_id,learning_rate,max_depth,n_estimators,weakened_threshold,stopped_threshold,validation_samples,fold_macro_pr_auc_mean,fold_macro_pr_auc_std,fold_macro_roc_auc_mean,maximum_iterations,oof_accuracy,oof_balanced_accuracy,oof_macro_precision,oof_macro_recall,oof_macro_f1,oof_weighted_f1,oof_macro_pr_auc,oof_macro_ovr_roc_auc,oof_retained_precision,oof_retained_recall,oof_retained_f1,oof_retained_support,oof_retained_pr_auc,oof_retained_roc_auc,oof_weakened_precision,oof_weakened_recall,oof_weakened_f1,oof_weakened_support,oof_weakened_pr_auc,oof_weakened_roc_auc,oof_stopped_precision,oof_stopped_recall,oof_stopped_f1,oof_stopped_support,oof_stopped_pr_auc,oof_stopped_roc_auc,selected
1,xgboost_learning_rate_0.005_max_depth_3_n_estimators_2000,0.005,3,2000,0.42,0.35,24596,0.5902477629299525,0.011604977030317511,0.7680238078997552,0,0.6053016750691169,0.5586510683689773,0.5864522394452168,0.5586510683689773,0.5668608490076383,0.6038505673191918,0.5906218595717038,0.769050435124945,0.7242212333121424,0.580217989202404,0.6442710100667345,9817,0.7557426975720481,0.8096917552231618,0.568929889298893,0.6970793019260331,0.6265187533016376,11059,0.6011662831611141,0.6880250397708683,0.4662055957246149,0.39865591397849465,0.4297927836545428,3720,0.4149565979819489,0.8094345103808046,True
2,xgboost_learning_rate_0.05_max_depth_3_n_estimators_500,0.05,3,500,0.42,0.35,24596,0.5838017022749078,0.013133423311344997,0.764201727054004,0,0.6011953163115954,0.5559316398876112,0.5797644654458803,0.5559316398876112,0.5632730766515122,0.600266749989538,0.5841930339858455,0.7653467647908389,0.7161539419603936,0.5857186513191402,0.6444021069147148,9817,0.7525891939439296,0.8074089624553168,0.567478208596333,0.6828827199565964,0.6198547215496368,11059,0.5946695519979309,0.6829112659671043,0.4556612457809144,0.39919354838709675,0.4255624014901848,3720,0.4053203560156762,0.8057200659500955,False
3,xgboost_learning_rate_0.005_max_depth_3_n_estimators_1000,0.005,3,1000,0.42,0.35,24596,0.5903085411077817,0.009733900518105663,0.7676784933529054,0,0.6047731338429013,0.5534318916711995,0.5868425458330794,0.5534318916711995,0.5630905248134565,0.6022206227663357,0.5905076408423882,0.7684751024237101,0.7246896198643287,0.5767546093511255,0.6423142370958593,9817,0.754279408481624,0.8087186320959849,0.5661157024793388,0.7061217108237634,0.6284150806743652,11059,0.6008734325276026,0.688051214461912,0.46972231515557045,0.3774193548387097,0.4185422566701446,3720,0.4163700815179378,0.8086554607132336,False
4,xgboost_learning_rate_0.05_max_depth_3_n_estimators_1000,0.05,3,1000,0.42,0.35,24596,0.5758151567050411,0.013561812703339953,0.7585641535438825,0,0.5979020979020979,0.5531311390042798,0.5749010240487228,0.5531311390042798,0.5600315650954794,0.59705363926978,0.5758669422222936,0.7596684570954193,0.7077093051804567,0.5872466130182337,0.6418749652062573,9817,0.74695439547077,0.8028733385747047,0.5667957773220931,0.6748349760376164,0.616114917856848,11059,0.5855799142694605,0.6754708770808654,0.4501979896436186,0.39731182795698927,0.42210481222333285,3720,0.39506651692665035,0.8006611556306877,False
5,xgboost_learning_rate_0.005_max_depth_6_n_estimators_2000,0.005,6,2000,0.42,0.35,24596,0.5787886940031928,0.015636630083830923,0.7612116280183108,0,0.598715238250122,0.5518089414779118,0.5770663409835932,0.5518089414779118,0.5596316087983428,0.5973851437487047,0.5788071213558023,0.7623933371909496,0.7118180688455324,0.5834776408271366,0.6412897447380206,9817,0.7496412410981267,0.8050903976631204,0.5650351743750935,0.6827018717786418,0.6183202981040907,11059,0.5866165431674691,0.6791038320168514,0.4543457797301538,0.38924731182795697,0.4192847835529173,3720,0.40016357980181094,0.802985781892877,False
6,xgboost_learning_rate_0.005_max_depth_6_n_estimators_1000,0.005,6,1000,0.42,0.35,24596,0.5828798177423018,0.014325491150844092,0.7639147980587104,0,0.6000162628069605,0.5502340147233864,0.5795412116257124,0.5502340147233864,0.5592025872696842,0.5979352852442205,0.5832118123724772,0.7650242424655939,0.7128428927680798,0.5823571355811348,0.6410270785445983,9817,0.7527270546232427,0.8073428910438658,0.5643432626210363,0.6903879193417126,0.6210346510492923,11059,0.5921900390390474,0.6827166774958036,0.461437479488021,0.3779569892473118,0.41554603221516184,3720,0.40471834345514146,0.8050131588571123,False
7,xgboost_learning_rate_0.005_max_depth_3_n_estimators_2000,0.005,3,2000,0.36,0.35,24596,0.5902477629299525,0.011604977030317511,0.7680238078997552,0,0.5962351601886485,0.5487415909846265,0.5959278310508217,0.5487415909846265,0.5562384557636324,0.5916111826513561,0.5906218595717038,0.769050435124945,0.7708168120539255,0.49505959050626464,0.6029028656494232,9817,0.7557426975720481,0.8096917552231618,0.5507610853739245,0.7525092684691201,0.6360197179869311,11059,0.6011662831611141,0.6880250397708683,0.4662055957246149,0.39865591397849465,0.4297927836545428,3720,0.4149565979819489,0.8094345103808046,False
8,xgboost_learning_rate_0.05_max_depth_6_n_estimators_500,0.05,6,500,0.42,0.35,24596,0.5688412937273186,0.01586055646547118,0.7538301524975526,0,0.5937550821271752,0.5486806975862107,0.5693696534972462,0.5486806975862107,0.5555981908858326,0.5926919928599281,0.5679880115276837,0.7546875373944225,0.6948908611177741,0.5902006723031477,0.6382814651611126,9817,0.7398765855986889,0.7979862804016803,0.5653142769325342,0.6652500226060223,0.6112241930793836,11059,0.5769252323610388,0.6702159763701154,0.44790382244143034,0.39059139784946234,0.4172889144170017,3720,0.38716221662332373,0.7958603554114722,False
9,xgboost_learning_rate_0.05_max_depth_3_n_estimators_500,0.05,3,500,0.36,0.35,24596,0.5838017022749078,0.013133423311344997,0.764201727054004,0,0.5937957391445764,0.5473685452874743,0.5894824450135809,0.5473685452874743,0.5543838571767719,0.5901937864069148,0.5841930339858455,0.7653467647908389,0.7622205088666153,0.5035143119079148,0.606428659060238,9817,0.7525891939439296,0.8074089624553168,0.550565580393213,0.7393977755674112,0.6311605109798927,11059,0.5946695519979309,0.6829112659671043,0.4556612457809144,0.39919354838709675,0.4255624014901848,3720,0.4053203560156762,0.8057200659500955,False
10,xgboost_learning_rate_0.005_max_depth_6_n_estimators_1000,0.005,6,1000,0.36,0.35,24596,0.5828798177423018,0.014325491150844092,0.7639147980587104,0,0.5959912180842414,0.5444052670789653,0.5916696723972913,0.5444052670789653,0.5530147155381393,0.5912263172518593,0.5832118123724772,0.7650242424655939,0.7625402669121031,0.5063665070795559,0.6085945151811949,9817,0.7527270546232427,0.8073428910438658,0.5510312707917498,0.748892304910028,0.6349035992180613,11059,0.5921900390390474,0.6827166774958036,0.461437479488021,0.3779569892473118,0.41554603221516184,3720,0.40471834345514146,0.8050131588571123,False
11,xgboost_learning_rate_0.05_max_depth_3_n_estimators_1000,0.05,3,1000,0.36,0.35,24596,0.5758151567050411,0.013561812703339953,0.7585641535438825,0,0.5923727435355343,0.5460460672961597,0.5854968620304645,0.5460460672961597,0.5528131767184431,0.5890758021128277,0.5758669422222936,0.7596684570954193,0.7551917538274974,0.5074870123255577,0.6070427683684659,9817,0.74695439547077,0.8028733385747047,0.5511008426202773,0.7333393616059318,0.6292919495635305,11059,0.5855799142694605,0.6754708770808654,0.4501979896436186,0.39731182795698927,0.42210481222333285,3720,0.39506651692665035,0.8006611556306877,False
12,xgboost_learning_rate_0.005_max_depth_6_n_estimators_2000,0.005,6,2000,0.36,0.35,24596,0.5787886940031928,0.015636630083830923,0.7612116280183108,0,0.5930232558139535,0.5448587981937567,0.5860260122254205,0.5448587981937567,0.5524709219989741,0.5893833182480799,0.5788071213558023,0.7623933371909496,0.7528916929547844,0.5105429357237445,0.6084739589656428,9817,0.7496412410981267,0.8050903976631204,0.5508405639913232,0.7347861470295687,0.629654023478362,11059,0.5866165431674691,0.6791038320168514,0.4543457797301538,0.38924731182795697,0.4192847835529173,3720,0.40016357980181094,0.802985781892877,False
13,xgboost_learning_rate_0.005_max_depth_3_n_estimators_1000,0.005,3,1000,0.36,0.35,24596,0.5903085411077817,0.009733900518105663,0.7676784933529054,0,0.596316474223451,0.5438258144158926,0.5983348979454908,0.5438258144158926,0.552417273180987,0.590010328107788,0.5905076408423882,0.7684751024237101,0.7763542004541032,0.4876235102373434,0.5990114496652693,9817,0.754279408481624,0.8087186320959849,0.5489281782267987,0.766434578171625,0.6396981132075472,11059,0.6008734325276026,0.688051214461912,0.46972231515557045,0.3774193548387097,0.4185422566701446,3720,0.4163700815179378,0.8086554607132336,False
14,xgboost_learning_rate_0.05_max_depth_6_n_estimators_500,0.05,6,500,0.36,0.35,24596,0.5688412937273186,0.01586055646547118,0.7538301524975526,0,0.591315661083103,0.5442448235601107,0.5800926003032564,0.5442448235601107,0.5513717696002857,0.5883828621361509,0.5679880115276837,0.7546875373944225,0.7397478626286046,0.5200162982581237,0.6107189855245843,9817,0.7398765855986889,0.7979862804016803,0.5526261158397343,0.7221267745727462,0.6261074088592709,11059,0.5769252323610388,0.6702159763701154,0.44790382244143034,0.39059139784946234,0.4172889144170017,3720,0.38716221662332373,0.7958603554114722,False
15,xgboost_learning_rate_0.05_max_depth_3_n_estimators_2000,0.05,3,2000,0.42,0.35,24596,0.5658213316797458,0.014750770192212832,0.7500238868919773,0,0.588713611969426,0.544027489017965,0.564200583897334,0.544027489017965,0.5506882422979574,0.5878126560342796,0.5652807034819674,0.7509848421497906,0.6920202507232401,0.5848018742996842,0.633909346877933,9817,0.7381003908938643,0.7961308530449881,0.5601780779858766,0.6599150013563614,0.605970025324864,11059,0.5751801849537987,0.6658501935427529,0.4404034229828851,0.3873655913978495,0.41218535469107553,3720,0.38256153459823883,0.7909734798616305,False
16,xgboost_learning_rate_0.005_max_depth_3_n_estimators_500,0.005,3,500,0.42,0.35,24596,0.5856904151790537,0.006783304047885999,0.7646802691894066,0,0.6051797040169133,0.538039120880413,0.5913761692508551,0.538039120880413,0.5505711172576598,0.5978882644723026,0.585267804220579,0.7650229044065839,0.7268682109671509,0.5657532851176531,0.6362699049146523,9817,0.7491157152482008,0.8053291742025422,0.5606247431154953,0.7400307441902523,0.6379545543126632,11059,0.5952525324518789,0.6851908354073639,0.4866355536699194,0.30833333333333335,0.377488892545664,3720,0.4114351649616571,0.8045487036098457,False
17,xgboost_learning_rate_0.005_max_depth_6_n_estimators_500,0.005,6,500,0.42,0.35,24596,0.5834349791649013,0.012310884477836933,0.7643790716839941,0,0.6031875101642543,0.5377837748974904,0.5849298687792946,0.5377837748974904,0.5499812744276874,0.5967329189518384,0.583511190132353,0.7652371906387266,0.710092879256966,0.584088825506774,0.6409568522244579,9817,0.7514041682352219,0.807358960884863,0.5626283367556468,0.7185098110136541,0.6310856961321579,11059,0.5933902422240781,0.6836289174139101,0.48206839032527105,0.310752688172043,0.37790127492644654,3720,0.4057391599377589,0.804723693617407,False
18,xgboost_learning_rate_0.005_max_depth_10_n_estimators_1000,0.005,10,1000,0.42,0.35,24596,0.5663059821715671,0.016247170479069917,0.7526721472356049,0,0.5913563181005042,0.541940120922343,0.5657329759274049,0.541940120922343,0.5497187770939322,0.5897237906413085,0.5664347295395644,0.7539131093867729,0.6977333011815771,0.5894876235102373,0.6390591353321186,9817,0.7418289460936045,0.7981573003157871,0.5605037554055079,0.6680531693643187,0.6095709570957095,11059,0.5737020577199745,0.6678683333618003,0.43896187119512975,0.3682795698924731,0.4005262388539687,3720,0.38377318480511424,0.7957136944827317,False
19,xgboost_learning_rate_0.005_max_depth_10_n_estimators_2000,0.005,10,2000,0.42,0.35,24596,0.5644426433976386,0.01613727573516359,0.751335396047873,0,0.5901772645958693,0.5417811429479927,0.5632882197681663,0.5417811429479927,0.5489023568680959,0.5889116749531192,0.5640108791970023,0.7522556369682266,0.6965550354099148,0.5911174493226037,0.639519506281684,9817,0.7407113289773133,0.7961397788198503,0.560936424145054,0.6629894203815897,0.6077082469954413,11059,0.5716493504105224,0.6661463513045126,0.43237319974953037,0.3712365591397849,0.3994793173271623,3720,0.3796719582031714,0.7944807807803169,False
20,xgboost_learning_rate_0.05_max_depth_3_n_estimators_2000,0.05,3,2000,0.36,0.35,24596,0.5658213316797458,0.014750770192212832,0.7500238868919773,0,0.5854610505773297,0.5388553207819011,0.5748405194350099,0.5388553207819011,0.545607172681872,0.5824901633941832,0.5652807034819674,0.7509848421497906,0.7370354047304246,0.511052256290109,0.6035851780558229,9817,0.7381003908938643,0.7961308530449881,0.5470827305917201,0.7181481146577449,0.6210509852987175,11059,0.5751801849537987,0.6658501935427529,0.4404034229828851,0.3873655913978495,0.41218535469107553,3720,0.38256153459823883,0.7909734798616305,False
21,xgboost_learning_rate_0.005_max_depth_10_n_estimators_1000,0.005,10,1000,0.36,0.35,24596,0.5663059821715671,0.016247170479069917,0.7526721472356049,0,0.5884696698650187,0.5373633589749195,0.5750126893974148,0.5373633589749195,0.5453712240144549,0.585186252450382,0.5664347295395644,0.7539131093867729,0.7370078740157481,0.5243964551288581,0.6127841923580526,9817,0.7418289460936045,0.7981573003157871,0.5490683229813664,0.7194140519034271,0.6228032408313436,11059,0.5737020577199745,0.6678683333618003,0.43896187119512975,0.3682795698924731,0.4005262388539687,3720,0.38377318480511424,0.7957136944827317,False
22,xgboost_learning_rate_0.05_max_depth_6_n_estimators_1000,0.05,6,1000,0.42,0.35,24596,0.5580918714031328,0.015157297729107063,0.7457577431953609,0,0.5858676207513417,0.5377513930156538,0.5576335009674617,0.5377513930156538,0.5446081686083338,0.5844435349633841,0.5564454988103855,0.7460180962873363,0.6835859475972271,0.5926454110216971,0.6348756001745962,9817,0.7312557367468377,0.7897845892092703,0.5600248004340076,0.6534044669499954,0.6031216092145898,11059,0.5683119101616315,0.6615575442115982,0.42928975487115023,0.3672043010752688,0.3958272964358157,3720,0.36976884952268746,0.7867121554411405,False
23,xgboost_learning_rate_0.005_max_depth_10_n_estimators_2000,0.005,10,2000,0.36,0.35,24596,0.5644426433976386,0.01613727573516359,0.751335396047873,0,0.5856643356643356,0.536185580211033,0.5698848791709418,0.536185580211033,0.5437306485725987,0.5831960586765478,0.5640108791970023,0.7522556369682266,0.7292949076664801,0.5310176224915962,0.61455938697318,9817,0.7407113289773133,0.7961397788198503,0.547986530096815,0.706302559001718,0.6171532414174535,11059,0.5716493504105224,0.6661463513045126,0.43237319974953037,0.3712365591397849,0.3994793173271623,3720,0.3796719582031714,0.7944807807803169,False
24,xgboost_learning_rate_0.3_max_depth_3_n_estimators_500,0.3,3,500,0.42,0.35,24596,0.5572818475830977,0.01318306627371577,0.742387562829287,0,0.580541551471784,0.535743749001938,0.5531731035134804,0.535743749001938,0.5418157749205643,0.5795663705166304,0.5561299325243133,0.742891882715583,0.6748826291079812,0.5857186513191402,0.6271472978131647,9817,0.7287416066826641,0.7880902290107769,0.5568927789934355,0.6443620580522651,0.5974428840913855,11059,0.5667154963325357,0.6579836585094769,0.4277439024390244,0.3771505376344086,0.40085714285714286,3720,0.3729326945577403,0.7826017606264951,False
25,xgboost_learning_rate_0.005_max_depth_6_n_estimators_500,0.005,6,500,0.36,0.35,24596,0.5834349791649013,0.012310884477836933,0.7643790716839941,0,0.5970483005366727,0.5299224487227753,0.5981319449079976,0.5299224487227753,0.5412323122319277,0.5869136267980517,0.583511190132353,0.7652371906387266,0.7654554034922133,0.495670775185902,0.6017064424384815,9817,0.7514041682352219,0.807358960884863,0.5468720409065084,0.7833438828103807,0.6440892193308551,11059,0.5933902422240781,0.6836289174139101,0.48206839032527105,0.310752688172043,0.37790127492644654,3720,0.4057391599377589,0.804723693617407,False
26,xgboost_learning_rate_0.05_max_depth_6_n_estimators_1000,0.05,6,1000,0.36,0.35,24596,0.5580918714031328,0.015157297729107063,0.7457577431953609,0,0.5830622865506586,0.5333302473300116,0.565282638745635,0.5333302473300116,0.5406217980745861,0.5803274090940519,0.5564454988103855,0.7460180962873363,0.7179911699779249,0.5301008454721402,0.6099033108702022,9817,0.7312557367468377,0.7897845892092703,0.54856699138783,0.7026855954426259,0.6161347869177404,11059,0.5683119101616315,0.6615575442115982,0.42928975487115023,0.3672043010752688,0.3958272964358157,3720,0.36976884952268746,0.7867121554411405,False
27,xgboost_learning_rate_0.005_max_depth_10_n_estimators_500,0.005,10,500,0.42,0.35,24596,0.5659174419282198,0.016938964839589416,0.7517275153426238,0,0.5933891689705644,0.5288707913043263,0.5695765616922781,0.5288707913043263,0.5399463902263401,0.5872620880669743,0.5664883695464086,0.7531772751862978,0.6895935153176779,0.5892838952836915,0.6355047786444029,9817,0.7390046035480874,0.7971493632204024,0.5582594798779602,0.6949091237905778,0.6191339375629406,11059,0.575203068670062,0.6687691308285204,0.46087668988119623,0.3024193548387097,0.36520045447167665,3720,0.3852574364210764,0.7936133315099708,False
28,xgboost_learning_rate_0.05_max_depth_3_n_estimators_500,0.05,3,500,0.3,0.35,24596,0.5838017022749078,0.013133423311344997,0.764201727054004,0,0.5822084891852334,0.5359335041264602,0.5987482379675472,0.5359335041264602,0.5398540557981151,0.573019674111377,0.5841930339858455,0.7653467647908389,0.8047938638542665,0.42752368340633595,0.5584087280468334,9817,0.7525891939439296,0.8074089624553168,0.5357896042674606,0.7810832805859481,0.6355910378573268,11059,0.5946695519979309,0.6829112659671043,0.4556612457809144,0.39919354838709675,0.4255624014901848,3720,0.4053203560156762,0.8057200659500955,False
29,xgboost_learning_rate_0.005_max_depth_3_n_estimators_2000,0.005,3,2000,0.3,0.35,24596,0.5902477629299525,0.011604977030317511,0.7680238078997552,0,0.582533745324443,0.5356934388508235,0.6034786858429947,0.5356934388508235,0.5396623783746696,0.5718649436166375,0.5906218595717038,0.769050435124945,0.8093922651933702,0.417846592645411,0.551158884783339,9817,0.7557426975720481,0.8096917552231618,0.534838196610999,0.790577809928565,0.6380354666861271,11059,0.6011662831611141,0.6880250397708683,0.4662055957246149,0.39865591397849465,0.4297927836545428,3720,0.4149565979819489,0.8094345103808046,False
30,xgboost_learning_rate_0.3_max_depth_3_n_estimators_500,0.3,3,500,0.36,0.35,24596,0.5572818475830977,0.01318306627371577,0.742387562829287,0,0.5798910391933648,0.5327904419462115,0.5639985918106661,0.5327904419462115,0.5393044174099663,0.5773908975828521,0.5561299325243133,0.742891882715583,0.718490353471342,0.5197107059183049,0.6031445797375576,9817,0.7287416066826641,0.7880902290107769,0.5457615195216321,0.7015100822859209,0.6139115296351982,11059,0.5667154963325357,0.6579836585094769,0.4277439024390244,0.3771505376344086,0.40085714285714286,3720,0.3729326945577403,0.7826017606264951,False
31,xgboost_learning_rate_0.05_max_depth_6_n_estimators_500,0.05,6,500,0.3,0.35,24596,0.5688412937273186,0.01586055646547118,0.7538301524975526,0,0.5815986339242153,0.5343564454368871,0.5880755198247845,0.5343564454368871,0.5392856320847724,0.5741974678523653,0.5679880115276837,0.7546875373944225,0.7778366914103924,0.44830396251400634,0.5687883683360259,9817,0.7398765855986889,0.7979862804016803,0.5384860456225309,0.7641739759471924,0.6317796135012895,11059,0.5769252323610388,0.6702159763701154,0.44790382244143034,0.39059139784946234,0.4172889144170017,3720,0.38716221662332373,0.7958603554114722,False
32,xgboost_learning_rate_0.05_max_depth_3_n_estimators_1000,0.05,3,1000,0.3,0.35,24596,0.5758151567050411,0.013561812703339953,0.7585641535438825,0,0.5810700926979997,0.5348868424804344,0.5938563277781225,0.5348868424804344,0.5388576792966839,0.572583595509257,0.5758669422222936,0.7596684570954193,0.7951018882034026,0.433228073749618,0.5608598180139787,9817,0.74695439547077,0.8028733385747047,0.5362691054873465,0.7741206257346958,0.6336084076527403,11059,0.5855799142694605,0.6754708770808654,0.4501979896436186,0.39731182795698927,0.42210481222333285,3720,0.39506651692665035,0.8006611556306877,False
33,xgboost_learning_rate_0.05_max_depth_10_n_estimators_500,0.05,10,500,0.42,0.35,24596,0.5576592401076623,0.015322960845510908,0.7449766268053912,0,0.582127175150431,0.5300520205370578,0.5529731721220392,0.5300520205370578,0.5378638954261042,0.5798709947318189,0.5561380302704708,0.7454000900292216,0.6791574537414174,0.5944789650606092,0.6340032590983161,9817,0.7324701418482845,0.7892395483122314,0.5542725173210161,0.6510534406365855,0.5987774959457773,11059,0.5672034151798498,0.6603446276652036,0.42548954530368405,0.3446236559139785,0.3808109312342195,3720,0.368740533783278,0.7866160941102299,False
34,xgboost_learning_rate_0.005_max_depth_6_n_estimators_2000,0.005,6,2000,0.3,0.35,24596,0.5787886940031928,0.015636630083830923,0.7612116280183108,0,0.5809887786631973,0.5330197485526206,0.594348855644614,0.5330197485526206,0.5377240397664842,0.5719433114074244,0.5788071213558023,0.7623933371909496,0.7933868858583971,0.43261688906998064,0.5599208965062623,9817,0.7496412410981267,0.8050903976631204,0.5353139013452914,0.7771950447599241,0.633966439240273,11059,0.5866165431674691,0.6791038320168514,0.4543457797301538,0.38924731182795697,0.4192847835529173,3720,0.40016357980181094,0.802985781892877,False
35,xgboost_learning_rate_0.05_max_depth_10_n_estimators_500,0.05,10,500,0.36,0.35,24596,0.5576592401076623,0.015322960845510908,0.7449766268053912,0,0.5831029435680598,0.5290822896531289,0.5612048178823384,0.5290822896531289,0.537480936653231,0.5800947157081081,0.5561380302704708,0.7454000900292216,0.7099407504937458,0.5492512987674443,0.6193429818515966,9817,0.7324701418482845,0.7892395483122314,0.5481841578495854,0.6933719142779636,0.6122888968738771,11059,0.5672034151798498,0.6603446276652036,0.42548954530368405,0.3446236559139785,0.3808109312342195,3720,0.368740533783278,0.7866160941102299,False
36,xgboost_learning_rate_0.005_max_depth_6_n_estimators_1000,0.005,6,1000,0.3,0.35,24596,0.5828798177423018,0.014325491150844092,0.7639147980587104,0,0.5824524312896406,0.5313404001055849,0.5998670919946062,0.5313404001055849,0.5366171893480859,0.5717467067685529,0.5832118123724772,0.7650242424655939,0.803423735333718,0.42548640114087805,0.5563399041022908,9817,0.7527270546232427,0.8073428910438658,0.5347400611620795,0.790577809928565,0.6379656317268051,11059,0.5921900390390474,0.6827166774958036,0.461437479488021,0.3779569892473118,0.41554603221516184,3720,0.40471834345514146,0.8050131588571123,False
37,xgboost_learning_rate_0.005_max_depth_10_n_estimators_2000,0.005,10,2000,0.3,0.35,24596,0.5644426433976386,0.01613727573516359,0.751335396047873,0,0.5799723532281672,0.5296701578501105,0.578688076939654,0.5296701578501105,0.5358480190532916,0.5741938149009599,0.5640108791970023,0.7522556369682266,0.7658196312904834,0.46969542630131406,0.582270488698068,9817,0.7407113289773133,0.7961397788198503,0.537871399778948,0.7480784881092323,0.6257942511346445,11059,0.5716493504105224,0.6661463513045126,0.43237319974953037,0.3712365591397849,0.3994793173271623,3720,0.3796719582031714,0.7944807807803169,False
38,xgboost_learning_rate_0.05_max_depth_3_n_estimators_500,0.05,3,500,0.42,0.45,24596,0.5838017022749078,0.013133423311344997,0.764201727054004,0,0.6062367864693446,0.5238884195472322,0.5928411074652222,0.5238884195472322,0.5356116071039619,0.5935327072536998,0.5841930339858455,0.7653467647908389,0.7098044039857301,0.5877559335845981,0.6430402318065307,9817,0.7525891939439296,0.8074089624553168,0.5606544022809042,0.74681255086355,0.6404808065141527,11059,0.5946695519979309,0.6829112659671043,0.5080645161290323,0.23709677419354838,0.32331378299120234,3720,0.4053203560156762,0.8057200659500955,False
39,xgboost_learning_rate_0.005_max_depth_3_n_estimators_500,0.005,3,500,0.36,0.35,24596,0.5856904151790537,0.006783304047885999,0.7646802691894066,0,0.5930232558139535,0.5252096985723796,0.603244936386189,0.5252096985723796,0.5355142867244669,0.5803093678409897,0.585267804220579,0.7650229044065839,0.7817651098901099,0.4637873077314862,0.5821878396521961,9817,0.7491157152482008,0.8053291742025422,0.5413341455985379,0.8035084546523193,0.6468661279755406,11059,0.5952525324518789,0.6851908354073639,0.4866355536699194,0.30833333333333335,0.377488892545664,3720,0.4114351649616571,0.8045487036098457,False
40,xgboost_learning_rate_0.05_max_depth_3_n_estimators_2000,0.05,3,2000,0.3,0.35,24596,0.5658213316797458,0.014750770192212832,0.7500238868919773,0,0.578142787445113,0.5309168834396648,0.584617993230892,0.5309168834396648,0.535442489535257,0.5707155286090915,0.5652807034819674,0.7509848421497906,0.7777976084240585,0.4439238056432719,0.5652399481193255,9817,0.7381003908938643,0.7961308530449881,0.5356529482857325,0.7614612532778732,0.6289021657953697,11059,0.5751801849537987,0.6658501935427529,0.4404034229828851,0.3873655913978495,0.41218535469107553,3720,0.38256153459823883,0.7909734798616305,False
41,xgboost_learning_rate_0.005_max_depth_10_n_estimators_1000,0.005,10,1000,0.3,0.35,24596,0.5663059821715671,0.016247170479069917,0.7526721472356049,0,0.57972841112376,0.528316587147902,0.5832924278378585,0.528316587147902,0.5344747993878082,0.5724442727171586,0.5664347295395644,0.7539131093867729,0.7750259785244198,0.45584190689620047,0.5740491309088577,9817,0.7418289460936045,0.7981573003157871,0.5358894337940259,0.760828284655032,0.6288490284005979,11059,0.5737020577199745,0.6678683333618003,0.43896187119512975,0.3682795698924731,0.4005262388539687,3720,0.38377318480511424,0.7957136944827317,False
42,xgboost_learning_rate_0.005_max_depth_10_n_estimators_500,0.005,10,500,0.36,0.35,24596,0.5659174419282198,0.016938964839589416,0.7517275153426238,0,0.5900146365262644,0.5234060918833964,0.5815965523190514,0.5234060918833964,0.5342296143044404,0.5811605040575575,0.5664883695464086,0.7531772751862978,0.7390791027154664,0.510135479270653,0.6036280359187609,9817,0.7390046035480874,0.7971493632204024,0.5448338643604915,0.7576634415408264,0.6338603525228838,11059,0.575203068670062,0.6687691308285204,0.46087668988119623,0.3024193548387097,0.36520045447167665,3720,0.3852574364210764,0.7936133315099708,False
43,xgboost_learning_rate_0.05_max_depth_6_n_estimators_1000,0.05,6,1000,0.3,0.35,24596,0.5580918714031328,0.015157297729107063,0.7457577431953609,0,0.5780614734103107,0.5273806149200064,0.5741635598897762,0.5273806149200064,0.5334078731587716,0.5721338341720943,0.5564454988103855,0.7460180962873363,0.7548650858544562,0.4702047468676785,0.5794627165453176,9817,0.7312557367468377,0.7897845892092703,0.5383358389437218,0.744732796817072,0.6249336064951817,11059,0.5683119101616315,0.6615575442115982,0.42928975487115023,0.3672043010752688,0.3958272964358157,3720,0.36976884952268746,0.7867121554411405,False
44,xgboost_learning_rate_0.005_max_depth_3_n_estimators_1000,0.005,3,1000,0.3,0.35,24596,0.5903085411077817,0.009733900518105663,0.7676784933529054,0,0.5804195804195804,0.5289288548774501,0.6058725545800306,0.5289288548774501,0.5332711375994988,0.5671171852849083,0.5905076408423882,0.7684751024237101,0.8162384378211717,0.4045023938066619,0.5409344775916087,9817,0.754279408481624,0.8087186320959849,0.5316569107633496,0.8048648159869789,0.6403366785367433,11059,0.6008734325276026,0.688051214461912,0.46972231515557045,0.3774193548387097,0.4185422566701446,3720,0.4163700815179378,0.8086554607132336,False
45,xgboost_learning_rate_0.05_max_depth_10_n_estimators_500,0.05,10,500,0.3,0.35,24596,0.5576592401076623,0.015322960845510908,0.7449766268053912,0,0.5796877541063588,0.5247352646401974,0.5681106304574698,0.5247352646401974,0.5326833031883108,0.5747515042140895,0.5561380302704708,0.7454000900292216,0.7390258568851473,0.5007639808495467,0.597000425040986,9817,0.7324701418482845,0.7892395483122314,0.5398164891835778,0.7288181571570667,0.6202385532897268,11059,0.5672034151798498,0.6603446276652036,0.42548954530368405,0.3446236559139785,0.3808109312342195,3720,0.368740533783278,0.7866160941102299,False
46,xgboost_learning_rate_0.05_max_depth_6_n_estimators_2000,0.05,6,2000,0.36,0.35,24596,0.5490365482264529,0.014873276253130825,0.7374107907852656,0,0.5788339567409335,0.5250079633462802,0.5532752966698153,0.5250079633462802,0.5325803845349841,0.5759593419470761,0.5464325450053841,0.7369283992539425,0.6979718382637902,0.5503718040134461,0.6154459505638455,9817,0.7207632856249843,0.7799863008999461,0.5488034807831762,0.6843295053802333,0.6091190792386012,11059,0.5620854469910468,0.6540422750684756,0.4130505709624796,0.3403225806451613,0.37317612380250553,3720,0.35644890240012117,0.7767566217934058,False
47,xgboost_learning_rate_0.05_max_depth_10_n_estimators_1000,0.05,10,1000,0.42,0.35,24596,0.5529455947523355,0.014785027334209923,0.7405602667578044,0,0.5806635225239877,0.5240292431345548,0.5481412170097454,0.5240292431345548,0.5321277919980294,0.5772678481698873,0.5515300494436902,0.7409593479962914,0.6707772372440322,0.6039523275949883,0.6356132075471698,9817,0.7265428834219652,0.7843705622486193,0.5546088303640588,0.6474364770774934,0.597438357878927,11059,0.5661780018394487,0.6583425627202142,0.41903758342114505,0.3206989247311828,0.36333181056799146,3720,0.36186926306965705,0.7801649190200406,False
48,xgboost_learning_rate_0.005_max_depth_3_n_estimators_2000,0.005,3,2000,0.42,0.45,24596,0.5902477629299525,0.011604977030317511,0.7680238078997552,0,0.6084322654090096,0.5212878863882868,0.5976865859456767,0.5212878863882868,0.5321044594096427,0.5936357199930197,0.5906218595717038,0.769050435124945,0.72,0.581236630335133,0.6432194792018938,9817,0.7557426975720481,0.8096917552231618,0.5598355764768282,0.7635410073243513,0.6460102517022416,11059,0.6011662831611141,0.6880250397708683,0.5132241813602015,0.21908602150537634,0.30708364732479276,3720,0.4149565979819489,0.8094345103808046,False
49,xgboost_learning_rate_0.05_max_depth_6_n_estimators_2000,0.05,6,2000,0.42,0.35,24596,0.5490365482264529,0.014873276253130825,0.7374107907852656,0,0.5763945356968613,0.5248468450652991,0.544492090864256,0.5248468450652991,0.5317722964145987,0.574211828776057,0.5464325450053841,0.7369283992539425,0.6667047531992687,0.5943771009473362,0.6284667995045506,9817,0.7207632856249843,0.7799863008999461,0.5537209484310196,0.6398408536033999,0.5936739659367397,11059,0.5620854469910468,0.6540422750684756,0.4130505709624796,0.3403225806451613,0.37317612380250553,3720,0.35644890240012117,0.7767566217934058,False
50,xgboost_learning_rate_0.05_max_depth_10_n_estimators_1000,0.05,10,1000,0.36,0.35,24596,0.5529455947523355,0.014785027334209923,0.7405602667578044,0,0.580948121645796,0.5228712431014629,0.5536174030131877,0.5228712431014629,0.5316356138776027,0.577196443848227,0.5515300494436902,0.7409593479962914,0.692872247792014,0.5673831109300194,0.6238799283154122,9817,0.7265428834219652,0.7843705622486193,0.5489423778264041,0.6805316936431866,0.6076951027494045,11059,0.5661780018394487,0.6583425627202142,0.41903758342114505,0.3206989247311828,0.36333181056799146,3720,0.36186926306965705,0.7801649190200406,False
51,xgboost_learning_rate_0.05_max_depth_3_n_estimators_1000,0.05,3,1000,0.42,0.45,24596,0.5758151567050411,0.013561812703339953,0.7585641535438825,0,0.6016018864856074,0.5204248956169103,0.5827483483216096,0.5204248956169103,0.531452705490998,0.5893779556427734,0.5758669422222936,0.7596684570954193,0.6989143546441495,0.5902006723031477,0.6399734909151157,9817,0.74695439547077,0.8028733385747047,0.5598979873173422,0.7345148747626368,0.6354284820276137,11059,0.5855799142694605,0.6754708770808654,0.489432703003337,0.23655913978494625,0.3189561435302646,3720,0.39506651692665035,0.8006611556306877,False
52,xgboost_learning_rate_0.3_max_depth_3_n_estimators_500,0.3,3,500,0.3,0.35,24596,0.5572818475830977,0.01318306627371577,0.742387562829287,0,0.5745649699138071,0.5264547716578561,0.5737886027640448,0.5264547716578561,0.5312789562649541,0.5682680116265799,0.5561299325243133,0.742891882715583,0.758130081300813,0.45594377100947336,0.569429425609058,9817,0.7287416066826641,0.7880902290107769,0.5354918245522969,0.7462700063296862,0.6235503003286615,11059,0.5667154963325357,0.6579836585094769,0.4277439024390244,0.3771505376344086,0.40085714285714286,3720,0.3729326945577403,0.7826017606264951,False
53,xgboost_learning_rate_0.3_max_depth_3_n_estimators_1000,0.3,3,1000,0.36,0.35,24596,0.5433819156924438,0.012510408775710339,0.7307984732183475,0,0.5708245243128964,0.5245504904275685,0.5481265645391422,0.5245504904275685,0.5301709038274963,0.5694066919635706,0.5411169245108919,0.7303503058915272,0.6949017525225704,0.533156768870327,0.6033777162948873,9817,0.7139125809735651,0.7750430103452901,0.5430052570093458,0.6724839497242066,0.6008483134720258,11059,0.5567672417720337,0.6464375036450687,0.4064726840855107,0.368010752688172,0.3862866817155756,3720,0.3526709507870769,0.7695704036842225,False
54,xgboost_learning_rate_0.005_max_depth_6_n_estimators_2000,0.005,6,2000,0.42,0.45,24596,0.5787886940031928,0.015636630083830923,0.7612116280183108,0,0.601723857537811,0.5185521615053522,0.5847050929784486,0.5185521615053522,0.5293732121590681,0.5886432170215441,0.5788071213558023,0.7623933371909496,0.7037717364682832,0.5854130589793216,0.6391592059166991,9817,0.7496412410981267,0.8050903976631204,0.5578754080522307,0.741748801880821,0.6368047199472111,11059,0.5866165431674691,0.6791038320168514,0.492468134414832,0.22849462365591397,0.31215571061329417,3720,0.40016357980181094,0.802985781892877,False
55,xgboost_learning_rate_0.05_max_depth_10_n_estimators_1000,0.05,10,1000,0.3,0.35,24596,0.5529455947523355,0.014785027334209923,0.7405602667578044,0,0.5791998698975444,0.5201184680658164,0.559065878571876,0.5201184680658164,0.528924882933325,0.5743404516449359,0.5515300494436902,0.7409593479962914,0.7157836644591612,0.5284710196597738,0.6080281277468503,9817,0.7265428834219652,0.7843705622486193,0.5423763878353217,0.7111854598064925,0.615414710485133,11059,0.5661780018394487,0.6583425627202142,0.41903758342114505,0.3206989247311828,0.36333181056799146,3720,0.36186926306965705,0.7801649190200406,False
56,xgboost_learning_rate_0.3_max_depth_3_n_estimators_1000,0.3,3,1000,0.42,0.35,24596,0.5433819156924438,0.012510408775710339,0.7307984732183475,0,0.5670434216945844,0.5236997744823861,0.5367082940226532,0.5236997744823861,0.5285372980956855,0.56644721109473,0.5411169245108919,0.7303503058915272,0.6553375912408759,0.5853111948660487,0.618348130212537,9817,0.7139125809735651,0.7750430103452901,0.5483146067415731,0.6177773758929379,0.5809770823589439,11059,0.5567672417720337,0.6464375036450687,0.4064726840855107,0.368010752688172,0.3862866817155756,3720,0.3526709507870769,0.7695704036842225,False
57,xgboost_learning_rate_0.05_max_depth_6_n_estimators_500,0.05,6,500,0.42,0.45,24596,0.5688412937273186,0.01586055646547118,0.7538301524975526,0,0.5958692470320377,0.5167612653106978,0.5741755554135386,0.5167612653106978,0.5275258851887771,0.5843485171222226,0.5679880115276837,0.7546875373944225,0.6854620364920542,0.5931547315880615,0.6359764089121888,9817,0.7398765855986889,0.7979862804016803,0.5575829882798793,0.7184193869246768,0.6278647068120752,11059,0.5769252323610388,0.6702159763701154,0.4794816414686825,0.23870967741935484,0.31873653984206746,3720,0.38716221662332373,0.7958603554114722,False
58,xgboost_learning_rate_0.05_max_depth_10_n_estimators_2000,0.05,10,2000,0.36,0.35,24596,0.5475596135452038,0.014238090341647427,0.7356042175677635,0,0.5785087006017239,0.5187705817583557,0.5464864952498284,0.5187705817583557,0.5271759558736187,0.5744976243523865,0.5466977047235063,0.7363096960211143,0.6792654028436019,0.583986961393501,0.628033083200964,9817,0.7213333671553912,0.7799246131122886,0.5500112216652951,0.6647979021611358,0.6019814951281421,11059,0.5648966361237887,0.6561664729855312,0.410182861240588,0.30752688172043013,0.3515132892917499,3720,0.3538631108913391,0.772838001965523,False
59,xgboost_learning_rate_0.05_max_depth_10_n_estimators_2000,0.05,10,2000,0.42,0.35,24596,0.5475596135452038,0.014238090341647427,0.7356042175677635,0,0.5779801593755082,0.5193702128117385,0.5427145760385357,0.5193702128117385,0.5271742823518987,0.5740812863918445,0.5466977047235063,0.7363096960211143,0.6642651296829971,0.6104716308444535,0.6362333457189872,9817,0.7213333671553912,0.7799246131122886,0.5536957371920219,0.6401121258703318,0.5937762120449589,11059,0.5648966361237887,0.6561664729855312,0.410182861240588,0.30752688172043013,0.3515132892917499,3720,0.3538631108913391,0.772838001965523,False
60,xgboost_learning_rate_0.05_max_depth_6_n_estimators_2000,0.05,6,2000,0.3,0.35,24596,0.5490365482264529,0.014873276253130825,0.7374107907852656,0,0.5746056269312083,0.5199665908791353,0.5590525042901447,0.5199665908791353,0.5271023175056415,0.5697861345792901,0.5464325450053841,0.7369283992539425,0.724759793052476,0.4994397473769991,0.5913641297792788,9817,0.7207632856249843,0.7799863008999461,0.5393471488554789,0.7201374446152455,0.6167666989351404,11059,0.5620854469910468,0.6540422750684756,0.4130505709624796,0.3403225806451613,0.37317612380250553,3720,0.35644890240012117,0.7767566217934058,False
61,xgboost_learning_rate_0.005_max_depth_10_n_estimators_2000,0.005,10,2000,0.42,0.45,24596,0.5644426433976386,0.01613727573516359,0.751335396047873,0,0.5961945031712473,0.516664676691149,0.5717976427778148,0.516664676691149,0.5270261673655008,0.5847567610184267,0.5640108791970023,0.7522556369682266,0.6893778093210314,0.593664052154426,0.6379508510754748,9817,0.7407113289773133,0.7961397788198503,0.5578622527703745,0.7192332037254725,0.6283524904214559,11059,0.5716493504105224,0.6661463513045126,0.4681528662420382,0.23709677419354838,0.3147751605995717,3720,0.3796719582031714,0.7944807807803169,False
62,xgboost_learning_rate_0.05_max_depth_3_n_estimators_500,0.05,3,500,0.36,0.45,24596,0.5838017022749078,0.013133423311344997,0.764201727054004,0,0.599528378598146,0.5157690879721931,0.6045011030091215,0.5157690879721931,0.5266401575841376,0.583307078280979,0.5841930339858455,0.7653467647908389,0.7600676298801107,0.5037180401344606,0.6058935244746676,9817,0.7525891939439296,0.8074089624553168,0.5453711630182219,0.8064924495885704,0.6507131652865429,11059,0.5946695519979309,0.6829112659671043,0.5080645161290323,0.23709677419354838,0.32331378299120234,3720,0.4053203560156762,0.8057200659500955,False
63,xgboost_learning_rate_0.05_max_depth_10_n_estimators_2000,0.05,10,2000,0.3,0.35,24596,0.5475596135452038,0.014238090341647427,0.7356042175677635,0,0.5782647584973166,0.5174381044679782,0.5511630106259053,0.5174381044679782,0.5261733605187656,0.5736890259900157,0.5466977047235063,0.7363096960211143,0.6980719794344473,0.5532239991850871,0.6172643064158664,9817,0.7213333671553912,0.7799246131122886,0.5452341912026806,0.6915634324984176,0.6097424858486805,11059,0.5648966361237887,0.6561664729855312,0.410182861240588,0.30752688172043013,0.3515132892917499,3720,0.3538631108913391,0.772838001965523,False
64,xgboost_learning_rate_0.05_max_depth_3_n_estimators_2000,0.05,3,2000,0.42,0.45,24596,0.5658213316797458,0.014750770192212832,0.7500238868919773,0,0.5929012847617499,0.5152294733355242,0.5716699344364082,0.5152294733355242,0.5261496982524031,0.5818016110771569,0.5652807034819674,0.7509848421497906,0.681844992332193,0.5887745747173271,0.6319011697824424,9817,0.7381003908938643,0.7961308530449881,0.5551573917931422,0.7144407270096754,0.6248072436835238,11059,0.5751801849537987,0.6658501935427529,0.4780074191838898,0.24247311827956988,0.3217406812912431,3720,0.38256153459823883,0.7909734798616305,False
65,xgboost_learning_rate_0.3_max_depth_6_n_estimators_500,0.3,6,500,0.36,0.35,24596,0.5430143264585652,0.012867346633613623,0.7312408997820272,0,0.5720442348349325,0.5185153925269882,0.5425220908707513,0.5185153925269882,0.5257690949997191,0.5694986533217853,0.5408752183891642,0.7306936762908663,0.6782257076338684,0.5638178669654681,0.6157525864946045,9817,0.7145072861941264,0.774406816264813,0.5457399103139013,0.6602766977122706,0.5975694586521544,11059,0.5612558045643999,0.6504144702375794,0.40360065466448447,0.33145161290322583,0.3639852398523985,3720,0.3468625644089662,0.7672597423702064,False
66,xgboost_learning_rate_0.3_max_depth_6_n_estimators_500,0.3,6,500,0.42,0.35,24596,0.5430143264585652,0.012867346633613623,0.7312408997820272,0,0.5711091234347049,0.519225450825088,0.5368154906328088,0.519225450825088,0.5256801769068365,0.5687967241696574,0.5408752183891642,0.7306936762908663,0.6555975122167925,0.601303860649893,0.6272780404866904,9817,0.7145072861941264,0.774406816264813,0.5512483050171493,0.6249208789221449,0.5857772503814206,11059,0.5612558045643999,0.6504144702375794,0.40360065466448447,0.33145161290322583,0.3639852398523985,3720,0.3468625644089662,0.7672597423702064,False
67,xgboost_learning_rate_0.3_max_depth_6_n_estimators_500,0.3,6,500,0.3,0.35,24596,0.5430143264585652,0.012867346633613623,0.7312408997820272,0,0.5724101479915433,0.5173833551469943,0.5492755176971641,0.5173833551469943,0.5247379077029275,0.5688001874167274,0.5408752183891642,0.7306936762908663,0.7031845400108874,0.5263318732810431,0.6020390329158171,9817,0.7145072861941264,0.774406816264813,0.5410413584161207,0.694366579256714,0.608189450340567,11059,0.5612558045643999,0.6504144702375794,0.40360065466448447,0.33145161290322583,0.3639852398523985,3720,0.3468625644089662,0.7672597423702064,False
68,xgboost_learning_rate_0.005_max_depth_3_n_estimators_1000,0.005,3,1000,0.42,0.45,24596,0.5903085411077817,0.009733900518105663,0.7676784933529054,0,0.6088794926004228,0.5155433505950612,0.6048822188945246,0.5155433505950612,0.5246081866627349,0.5908314814368308,0.5905076408423882,0.7684751024237101,0.7218121659455332,0.5777732504838545,0.6418104667609618,9817,0.754279408481624,0.8087186320959849,0.557654850019478,0.7766525002260602,0.6491818147462303,11059,0.6008734325276026,0.688051214461912,0.5351796407185628,0.1922043010752688,0.28283227848101267,3720,0.4163700815179378,0.8086554607132336,False
69,xgboost_learning_rate_0.05_max_depth_3_n_estimators_1000,0.05,3,1000,0.36,0.45,24596,0.5758151567050411,0.013561812703339953,0.7585641535438825,0,0.5971296145714751,0.5140357924936605,0.595557835045718,0.5140357924936605,0.5244106372458125,0.5815796275257055,0.5758669422222936,0.7596684570954193,0.7515443724574355,0.5080981970051951,0.6062963413151817,9817,0.74695439547077,0.8028733385747047,0.5456964296763814,0.79745004069084,0.6479794268919912,11059,0.5855799142694605,0.6754708770808654,0.489432703003337,0.23655913978494625,0.3189561435302646,3720,0.39506651692665035,0.8006611556306877,False
70,xgboost_learning_rate_0.3_max_depth_3_n_estimators_1000,0.3,3,1000,0.3,0.35,24596,0.5433819156924438,0.012510408775710339,0.7307984732183475,0,0.5667588225727761,0.5193741895364584,0.5559088474077643,0.5193741895364584,0.5241184389368653,0.5626701729073279,0.5411169245108919,0.7303503058915272,0.7277405270544207,0.47539981664459613,0.5751078250154036,9817,0.7139125809735651,0.7750430103452901,0.5335133310833614,0.7147119992766073,0.6109608100796166,11059,0.5567672417720337,0.6464375036450687,0.4064726840855107,0.368010752688172,0.3862866817155756,3720,0.3526709507870769,0.7695704036842225,False
71,xgboost_learning_rate_0.05_max_depth_6_n_estimators_500,0.05,6,500,0.36,0.45,24596,0.5688412937273186,0.01586055646547118,0.7538301524975526,0,0.5946901935274028,0.5131987600744533,0.5869568170823186,0.5131987600744533,0.5237200949445243,0.5805242383714561,0.5679880115276837,0.7546875373944225,0.7351335823039357,0.5213405317306713,0.6100482746290006,9817,0.7398765855986889,0.7979862804016803,0.5462552274743379,0.779546071073334,0.6423754703625051,11059,0.5769252323610388,0.6702159763701154,0.4794816414686825,0.23870967741935484,0.31873653984206746,3720,0.38716221662332373,0.7958603554114722,False
72,xgboost_learning_rate_0.005_max_depth_6_n_estimators_1000,0.005,6,1000,0.42,0.45,24596,0.5828798177423018,0.014325491150844092,0.7639147980587104,0,0.6025369978858351,0.5135310177455026,0.5879927996135453,0.5135310177455026,0.522904344619978,0.586734704767428,0.5832118123724772,0.7650242424655939,0.70569425654901,0.5844962819598656,0.6394027189659015,9817,0.7527270546232427,0.8073428910438658,0.5566252172750368,0.7528709648250294,0.6400430487758004,11059,0.5921900390390474,0.6827166774958036,0.5016589250165893,0.2032258064516129,0.2892672661182323,3720,0.40471834345514146,0.8050131588571123,False
73,xgboost_learning_rate_0.05_max_depth_6_n_estimators_1000,0.05,6,1000,0.42,0.45,24596,0.5580918714031328,0.015157297729107063,0.7457577431953609,0,0.5889168970564319,0.5128246221556415,0.5614375479151089,0.5128246221556415,0.5229024992426766,0.5786450970138673,0.5564454988103855,0.7460180962873363,0.6738904899135447,0.5954976061933381,0.6322734155310404,9817,0.7312557367468377,0.7897845892092703,0.5551008686912198,0.699159055972511,0.6188570513846646,11059,0.5683119101616315,0.6615575442115982,0.45532128514056225,0.24381720430107526,0.3175770308123249,3720,0.36976884952268746,0.7867121554411405,False
74,xgboost_learning_rate_0.005_max_depth_6_n_estimators_2000,0.005,6,2000,0.36,0.45,24596,0.5787886940031928,0.015636630083830923,0.7612116280183108,0,0.5970889575540739,0.5123361202203862,0.595767185004654,0.5123361202203862,0.5225183534926453,0.580976627340847,0.5788071213558023,0.7623933371909496,0.749738532795458,0.5111541204033819,0.6078740157480315,9817,0.7496412410981267,0.8050903976631204,0.5450948878036719,0.7973596166018627,0.6475253341166104,11059,0.5866165431674691,0.6791038320168514,0.492468134414832,0.22849462365591397,0.31215571061329417,3720,0.40016357980181094,0.802985781892877,False
75,xgboost_learning_rate_0.005_max_depth_6_n_estimators_500,0.005,6,500,0.3,0.35,24596,0.5834349791649013,0.012310884477836933,0.7643790716839941,0,0.5819645470808261,0.5153842625925422,0.6084555747827297,0.5153842625925422,0.5221469177638626,0.5642061039992877,0.583511190132353,0.7652371906387266,0.8129716500101979,0.40603035550575534,0.5415760869565217,9817,0.7514041682352219,0.807358960884863,0.5303266840127204,0.8293697440998282,0.6469633914086196,11059,0.5933902422240781,0.6836289174139101,0.48206839032527105,0.310752688172043,0.37790127492644654,3720,0.4057391599377589,0.804723693617407,False
76,xgboost_learning_rate_0.005_max_depth_10_n_estimators_2000,0.005,10,2000,0.36,0.45,24596,0.5644426433976386,0.01613727573516359,0.751335396047873,0,0.5922507724833306,0.5114262662317417,0.5798636161882548,0.5114262662317417,0.5218678352505625,0.5790091083524154,0.5640108791970023,0.7522556369682266,0.7261474269819194,0.5318325353977794,0.6139824778032574,9817,0.7407113289773133,0.7961397788198503,0.5452905553408066,0.7653494891038973,0.6368458673488582,11059,0.5716493504105224,0.6661463513045126,0.4681528662420382,0.23709677419354838,0.3147751605995717,3720,0.3796719582031714,0.7944807807803169,False
77,xgboost_learning_rate_0.05_max_depth_3_n_estimators_2000,0.05,3,2000,0.36,0.45,24596,0.5658213316797458,0.014750770192212832,0.7500238868919773,0,0.5911123759960969,0.5110546873142551,0.5844171518483519,0.5110546873142551,0.521538730033313,0.5770446537363768,0.5652807034819674,0.7509848421497906,0.7317534166908986,0.5126820821024753,0.6029350104821803,9817,0.7381003908938643,0.7961308530449881,0.5434906196702672,0.7780088615607198,0.6399404983265155,11059,0.5751801849537987,0.6658501935427529,0.4780074191838898,0.24247311827956988,0.3217406812912431,3720,0.38256153459823883,0.7909734798616305,False
78,xgboost_learning_rate_0.005_max_depth_3_n_estimators_2000,0.005,3,2000,0.36,0.45,24596,0.5902477629299525,0.011604977030317511,0.7680238078997552,0,0.6000975768417629,0.5118942601477768,0.6091782040209942,0.5118942601477768,0.5215078967163338,0.5813743954870454,0.5906218595717038,0.769050435124945,0.7703152225566292,0.49536518284608333,0.6029758214507129,9817,0.7557426975720481,0.8096917552231618,0.5439952081461515,0.8212315760918709,0.6544642213734957,11059,0.6011662831611141,0.6880250397708683,0.5132241813602015,0.21908602150537634,0.30708364732479276,3720,0.4149565979819489,0.8094345103808046,False
79,xgboost_learning_rate_0.3_max_depth_3_n_estimators_500,0.3,3,500,0.42,0.45,24596,0.5572818475830977,0.01318306627371577,0.742387562829287,0,0.5851764514555212,0.5109389350635506,0.5593280638258898,0.5109389350635506,0.5212819547706435,0.575257992332953,0.5561299325243133,0.742891882715583,0.6655188246097337,0.5906081287562391,0.6258297803443251,9817,0.7287416066826641,0.7880902290107769,0.5529522024367385,0.6935527624559182,0.6153229041315684,11059,0.5667154963325357,0.6579836585094769,0.4595131644311972,0.24865591397849462,0.32269317983603696,3720,0.3729326945577403,0.7826017606264951,False
80,xgboost_learning_rate_0.005_max_depth_10_n_estimators_1000,0.005,10,1000,0.42,0.45,24596,0.5663059821715671,0.016247170479069917,0.7526721472356049,0,0.5955846479102294,0.5116741972842344,0.5723600356809633,0.5116741972842344,0.5212076884796779,0.5821820481429621,0.5664347295395644,0.7539131093867729,0.6879725897920604,0.5931547315880615,0.6370548657075652,9817,0.7418289460936045,0.7981573003157871,0.5558250745027375,0.7252011935979745,0.6293157564344005,11059,0.5737020577199745,0.6678683333618003,0.4732824427480916,0.21666666666666667,0.29725244329706807,3720,0.38377318480511424,0.7957136944827317,False
81,xgboost_learning_rate_0.05_max_depth_10_n_estimators_1000,0.05,10,1000,0.42,0.45,24596,0.5529455947523355,0.014785027334209923,0.7405602667578044,0,0.5840787119856887,0.5106529084714874,0.5534900218936893,0.5106529084714874,0.5203789805152502,0.5749342273576512,0.5515300494436902,0.7409593479962914,0.666069829901522,0.6062952022002649,0.634778435450328,9817,0.7265428834219652,0.7843705622486193,0.5518715001473622,0.6772764264400036,0.6081766879136048,11059,0.5661780018394487,0.6583425627202142,0.4425287356321839,0.24838709677419354,0.3181818181818182,3720,0.36186926306965705,0.7801649190200406,False
82,xgboost_learning_rate_0.05_max_depth_10_n_estimators_2000,0.05,10,2000,0.36,0.45,24596,0.5475596135452038,0.014238090341647427,0.7356042175677635,0,0.5828590014636527,0.5104017041936362,0.5533309213101124,0.5104017041936362,0.5202632577342058,0.5742128803423016,0.5466977047235063,0.7363096960211143,0.6766713747645952,0.5856167872058674,0.6278599901709169,9817,0.7213333671553912,0.7799246131122886,0.5488575944819658,0.6907496156976218,0.611682748128278,11059,0.5648966361237887,0.6561664729855312,0.4344637946837763,0.25483870967741934,0.32124703490342255,3720,0.3538631108913391,0.772838001965523,False
83,xgboost_learning_rate_0.05_max_depth_10_n_estimators_2000,0.05,10,2000,0.42,0.45,24596,0.5475596135452038,0.014238090341647427,0.7356042175677635,0,0.5818425760286225,0.5106510789154054,0.5490725327170721,0.5106510789154054,0.5200218034480536,0.5734970978555103,0.5466977047235063,0.7363096960211143,0.6605867487089331,0.6124070489966384,0.6355851569933397,9817,0.7213333671553912,0.7799246131122886,0.5521670547585067,0.6647074780721585,0.6032332184473986,11059,0.5648966361237887,0.6561664729855312,0.4344637946837763,0.25483870967741934,0.32124703490342255,3720,0.3538631108913391,0.772838001965523,False
84,xgboost_learning_rate_0.05_max_depth_10_n_estimators_1000,0.05,10,1000,0.36,0.45,24596,0.5529455947523355,0.014785027334209923,0.7405602667578044,0,0.5847698812815092,0.5097658153368648,0.55954376398248,0.5097658153368648,0.5200006632000753,0.5749934466039593,0.5515300494436902,0.7409593479962914,0.6896764633242776,0.5689110726291128,0.6234998604521351,9817,0.7265428834219652,0.7843705622486193,0.5464260929909784,0.7119992766072882,0.6183203109662727,11059,0.5661780018394487,0.6583425627202142,0.4425287356321839,0.24838709677419354,0.3181818181818182,3720,0.36186926306965705,0.7801649190200406,False
85,xgboost_learning_rate_0.05_max_depth_6_n_estimators_1000,0.05,6,1000,0.36,0.45,24596,0.5580918714031328,0.015157297729107063,0.7457577431953609,0,0.587534558464791,0.5094012240532566,0.5711957269238823,0.5094012240532566,0.5195907185898564,0.575338749369012,0.5564454988103855,0.7460180962873363,0.7138752052545156,0.5314250789446878,0.6092846715328467,9817,0.7312557367468377,0.7897845892092703,0.5443906903765691,0.7529613889140067,0.6319104534243977,11059,0.5683119101616315,0.6615575442115982,0.45532128514056225,0.24381720430107526,0.3175770308123249,3720,0.36976884952268746,0.7867121554411405,False
86,xgboost_learning_rate_0.05_max_depth_10_n_estimators_500,0.05,10,500,0.36,0.45,24596,0.5576592401076623,0.015322960845510908,0.7449766268053912,0,0.5874939014473898,0.5094224427656384,0.5663561092590107,0.5094224427656384,0.5195667641954397,0.5761665573920015,0.5561380302704708,0.7454000900292216,0.7062361092953328,0.5502699399001731,0.6185732279858009,9817,0.7324701418482845,0.7892395483122314,0.5455032119914347,0.7371371733429786,0.6270045763950314,11059,0.5672034151798498,0.6603446276652036,0.4473290064902646,0.24086021505376345,0.31312248820548666,3720,0.368740533783278,0.7866160941102299,False
87,xgboost_learning_rate_0.05_max_depth_10_n_estimators_500,0.05,10,500,0.42,0.45,24596,0.5576592401076623,0.015322960845510908,0.7449766268053912,0,0.585542364612132,0.5097183543763631,0.5568157552351374,0.5097183543763631,0.5195640456513925,0.5754777657616115,0.5561380302704708,0.7454000900292216,0.6719036697247707,0.5968218396658858,0.6321411231590872,9817,0.7324701418482845,0.7892395483122314,0.5512145894903769,0.6914730084094403,0.6134285255896037,11059,0.5672034151798498,0.6603446276652036,0.4473290064902646,0.24086021505376345,0.31312248820548666,3720,0.368740533783278,0.7866160941102299,False
88,xgboost_learning_rate_0.005_max_depth_10_n_estimators_500,0.005,10,500,0.3,0.35,24596,0.5659174419282198,0.016938964839589416,0.7517275153426238,0,0.5785493576191251,0.5117983542525611,0.5922599505995636,0.5117983542525611,0.5193355358617767,0.5636017390201383,0.5664883695464086,0.7531772751862978,0.7860892388451444,0.42711622695324436,0.55349481882384,9817,0.7390046035480874,0.7971493632204024,0.5298139230723501,0.8058594809657292,0.6393113342898135,11059,0.575203068670062,0.6687691308285204,0.46087668988119623,0.3024193548387097,0.36520045447167665,3720,0.3852574364210764,0.7936133315099708,False
89,xgboost_learning_rate_0.05_max_depth_10_n_estimators_2000,0.05,10,2000,0.3,0.45,24596,0.5475596135452038,0.014238090341647427,0.7356042175677635,0,0.5827776874288502,0.5091592856237737,0.5583828338826343,0.5091592856237737,0.519241830317091,0.5733738162907253,0.5466977047235063,0.7363096960211143,0.696593237704918,0.5540389120912702,0.6171914893617021,9817,0.7213333671553912,0.7799246131122886,0.5440914692592086,0.7186002351026314,0.6192869666861485,11059,0.5648966361237887,0.6561664729855312,0.4344637946837763,0.25483870967741934,0.32124703490342255,3720,0.3538631108913391,0.772838001965523,False
90,xgboost_learning_rate_0.3_max_depth_3_n_estimators_500,0.3,3,500,0.36,0.45,24596,0.5572818475830977,0.01318306627371577,0.742387562829287,0,0.5854610505773297,0.5085835458208536,0.571502582109013,0.5085835458208536,0.5188907257922043,0.573207987485245,0.5561299325243133,0.742891882715583,0.7123992215735335,0.5220535805235815,0.6025512903415438,9817,0.7287416066826641,0.7880902290107769,0.5425953603223082,0.7550411429604846,0.6314277071990321,11059,0.5667154963325357,0.6579836585094769,0.4595131644311972,0.24865591397849462,0.32269317983603696,3720,0.3729326945577403,0.7826017606264951,False
91,xgboost_learning_rate_0.3_max_depth_10_n_estimators_500,0.3,10,500,0.42,0.35,24596,0.5398597936623628,0.011012430754346584,0.7293001008765099,0,0.5715970076435193,0.5115581454459169,0.5336627758539892,0.5115581454459169,0.5188758229032571,0.5671441447894755,0.539551994931096,0.7301155276066069,0.6523100172711571,0.6155648365080982,0.6334049578114355,9817,0.7148355648648211,0.7749592390189001,0.549631040228517,0.6263676643457817,0.5854957315527005,11059,0.5621040940902147,0.650982187496516,0.3990472700622939,0.29274193548387095,0.337726779345635,3720,0.3417163258382518,0.7644051563044048,False
92,xgboost_learning_rate_0.3_max_depth_10_n_estimators_500,0.3,10,500,0.3,0.35,24596,0.5398597936623628,0.011012430754346584,0.7293001008765099,0,0.5722475199219386,0.5101794966350466,0.5407782563479832,0.5101794966350466,0.5186423833037863,0.5675909198027158,0.539551994931096,0.7301155276066069,0.6815114709851552,0.565855149230926,0.6183214603739983,9817,0.7148355648648211,0.7749592390189001,0.5417760279965005,0.6719414051903427,0.5998789101917256,11059,0.5621040940902147,0.650982187496516,0.3990472700622939,0.29274193548387095,0.337726779345635,3720,0.3417163258382518,0.7644051563044048,False
93,xgboost_learning_rate_0.3_max_depth_10_n_estimators_500,0.3,10,500,0.36,0.35,24596,0.5398597936623628,0.011012430754346584,0.7293001008765099,0,0.5710278093999024,0.510156137616034,0.5362276720340042,0.510156137616034,0.5182004576881587,0.5666589400578821,0.539551994931096,0.7301155276066069,0.6651339234394757,0.5893857593969645,0.6249729963275006,9817,0.7148355648648211,0.7749592390189001,0.544501822600243,0.6483407179672664,0.5919015973913403,11059,0.5621040940902147,0.650982187496516,0.3990472700622939,0.29274193548387095,0.337726779345635,3720,0.3417163258382518,0.7644051563044048,False
94,xgboost_learning_rate_0.3_max_depth_6_n_estimators_1000,0.3,6,1000,0.36,0.35,24596,0.5364244832269799,0.010550498433340856,0.7250224933206126,0,0.5681818181818182,0.5110193420224807,0.5331619024260825,0.5110193420224807,0.5181504165431328,0.5650182737485865,0.5349838002074948,0.7250291875199156,0.6652680652680653,0.5814403585616787,0.6205359569495026,9817,0.7079767032560438,0.7692666382801754,0.5445718654434251,0.6440907857853332,0.5901652926798956,11059,0.5596469175821737,0.6472833833569297,0.3896457765667575,0.30752688172043013,0.34375,3720,0.337327779784267,0.7585375409226419,False
95,xgboost_learning_rate_0.05_max_depth_6_n_estimators_2000,0.05,6,2000,0.36,0.45,24596,0.5490365482264529,0.014873276253130825,0.7374107907852656,0,0.5830622865506586,0.5082541563755957,0.557663321474155,0.5082541563755957,0.5180192421562412,0.5730502125447116,0.5464325450053841,0.7369283992539425,0.6935463258785942,0.5528165427319955,0.6152363677587576,9817,0.7207632856249843,0.7799863008999461,0.5458772049774374,0.7219459263947916,0.6216858088378431,11059,0.5620854469910468,0.6540422750684756,0.43356643356643354,0.25,0.3171355498721228,3720,0.35644890240012117,0.7767566217934058,False
96,xgboost_learning_rate_0.3_max_depth_6_n_estimators_1000,0.3,6,1000,0.42,0.35,24596,0.5364244832269799,0.010550498433340856,0.7250224933206126,0,0.5670840787119857,0.5112580074568793,0.5289670496640477,0.5112580074568793,0.5176235719064928,0.5638968634846591,0.5349838002074948,0.7250291875199156,0.6490238611713666,0.6095548538249974,0.6286704837947156,9817,0.7079767032560438,0.7692666382801754,0.5482315112540193,0.6166922868252103,0.5804502319247627,11059,0.5596469175821737,0.6472833833569297,0.3896457765667575,0.30752688172043013,0.34375,3720,0.337327779784267,0.7585375409226419,False
97,xgboost_learning_rate_0.3_max_depth_6_n_estimators_1000,0.3,6,1000,0.3,0.35,24596,0.5364244832269799,0.010550498433340856,0.7250224933206126,0,0.5682224751992194,0.5100351345645975,0.5371766717288747,0.5100351345645975,0.5175632713369348,0.5646897551957446,0.5349838002074948,0.7250291875199156,0.681442524417731,0.554344504431089,0.6113576363534236,9817,0.7079767032560438,0.7692666382801754,0.5404417142021355,0.6682340175422733,0.5975821776573809,11059,0.5596469175821737,0.6472833833569297,0.3896457765667575,0.30752688172043013,0.34375,3720,0.337327779784267,0.7585375409226419,False
98,xgboost_learning_rate_0.05_max_depth_10_n_estimators_1000,0.05,10,1000,0.3,0.45,24596,0.5529455947523355,0.014785027334209923,0.7405602667578044,0,0.5835095137420718,0.5073480432671044,0.5657622334196839,0.5073480432671044,0.517469056119162,0.5723575170112505,0.5515300494436902,0.7409593479962914,0.7144232091296576,0.529285932565957,0.6080748976009362,9817,0.7265428834219652,0.7843705622486193,0.5403347554972103,0.7443711004611628,0.6261504525747319,11059,0.5661780018394487,0.6583425627202142,0.4425287356321839,0.24838709677419354,0.3181818181818182,3720,0.36186926306965705,0.7801649190200406,False
99,xgboost_learning_rate_0.3_max_depth_6_n_estimators_500,0.3,6,500,0.36,0.45,24596,0.5430143264585652,0.012867346633613623,0.7312408997820272,0,0.576557163766466,0.5075279059711754,0.5480927382425654,0.5075279059711754,0.5171978646247042,0.5687437555140324,0.5408752183891642,0.7306936762908663,0.672971989814478,0.5653458286645615,0.6144818423383526,9817,0.7145072861941264,0.774406816264813,0.5447026949950092,0.6908400397865991,0.6091289615307953,11059,0.5612558045643999,0.6504144702375794,0.4266035299182092,0.2663978494623656,0.32798279000496444,3720,0.3468625644089662,0.7672597423702064,False
100,xgboost_learning_rate_0.3_max_depth_10_n_estimators_1000,0.3,10,1000,0.42,0.35,24596,0.5362683060824216,0.010338791247772651,0.7253907110191754,0,0.5702146690518783,0.5099478711604272,0.5317813946695645,0.5099478711604272,0.5171471257646285,0.5655913672037224,0.5360979069454195,0.7262742261961174,0.6485821294810059,0.6173983905470103,0.6326061997703789,9817,0.7102279935989645,0.7712783114981425,0.5491228070175439,0.6226602766977123,0.5835840501716174,11059,0.5609460589016383,0.6490085516660045,0.39763924751014385,0.28978494623655915,0.3352511273518893,3720,0.33711966833565554,0.7585358154242048,False
101,xgboost_learning_rate_0.3_max_depth_10_n_estimators_1000,0.3,10,1000,0.3,0.35,24596,0.5362683060824216,0.010338791247772651,0.7253907110191754,0,0.5707838672954952,0.5088407003281441,0.537107196472479,0.5088407003281441,0.517066544483966,0.5661156952838501,0.5360979069454195,0.7262742261961174,0.670695580045029,0.5765508811245799,0.6200701139351447,9817,0.7102279935989645,0.7712783114981425,0.5429867618622639,0.6601862736232933,0.5958783921648643,11059,0.5609460589016383,0.6490085516660045,0.39763924751014385,0.28978494623655915,0.3352511273518893,3720,0.33711966833565554,0.7585358154242048,False
102,xgboost_learning_rate_0.3_max_depth_3_n_estimators_2000,0.3,3,2000,0.36,0.35,24596,0.5314667351351231,0.011372018188233936,0.7202110989098105,0,0.5591153033013498,0.5116952354508815,0.5300783357383348,0.5116952354508815,0.5168821269967289,0.5579676484539114,0.5283495935230226,0.7188747902320626,0.6673331667083229,0.5439543648772538,0.5993602334586677,9817,0.6994134557496193,0.7619550674012141,0.5378049701639097,0.6438195135184013,0.5860564655527204,11059,0.549887037097347,0.6381601759233149,0.38509687034277196,0.3473118279569892,0.36522968197879857,3720,0.33574828772210136,0.7565091273716589,False
103,xgboost_learning_rate_0.3_max_depth_10_n_estimators_1000,0.3,10,1000,0.36,0.35,24596,0.5362683060824216,0.010338791247772651,0.7253907110191754,0,0.5700520409822736,0.5089998106177431,0.5339789547956789,0.5089998106177431,0.5168258565822984,0.5655187906199577,0.5360979069454195,0.7262742261961174,0.6588500563697858,0.5952938779667923,0.6254615508107241,9817,0.7102279935989645,0.7712783114981425,0.5454475605071072,0.6419206076498779,0.5897648915842818,11059,0.5609460589016383,0.6490085516660045,0.39763924751014385,0.28978494623655915,0.3352511273518893,3720,0.33711966833565554,0.7585358154242048,False
104,xgboost_learning_rate_0.005_max_depth_10_n_estimators_1000,0.005,10,1000,0.36,0.45,24596,0.5663059821715671,0.016247170479069917,0.7526721472356049,0,0.5933078549357619,0.5074504089044688,0.5832364868137101,0.5074504089044688,0.5167997974870236,0.5775176208593527,0.5664347295395644,0.7539131093867729,0.731838819523269,0.525415096261587,0.6116809961458642,9817,0.7418289460936045,0.7981573003157871,0.5445881981697697,0.7802694637851524,0.6414659530181386,11059,0.5737020577199745,0.6678683333618003,0.4732824427480916,0.21666666666666667,0.29725244329706807,3720,0.38377318480511424,0.7957136944827317,False
105,xgboost_learning_rate_0.005_max_depth_6_n_estimators_1000,0.005,6,1000,0.36,0.45,24596,0.5828798177423018,0.014325491150844092,0.7639147980587104,0,0.5992844364937389,0.5082139425350278,0.6020295627772828,0.5082139425350278,0.5167114944070056,0.579962476631778,0.5832118123724772,0.7650242424655939,0.7598106581157429,0.5068758276459203,0.6080899425638518,9817,0.7527270546232427,0.8073428910438658,0.5446191051995163,0.8145401935075504,0.6527772745389325,11059,0.5921900390390474,0.6827166774958036,0.5016589250165893,0.2032258064516129,0.2892672661182323,3720,0.40471834345514146,0.8050131588571123,False
106,xgboost_learning_rate_0.3_max_depth_3_n_estimators_2000,0.3,3,2000,0.42,0.35,24596,0.5314667351351231,0.011372018188233936,0.7202110989098105,0,0.5578142787445113,0.5123246885536424,0.5234336159664065,0.5123246885536424,0.5166406010997352,0.556970731037913,0.5283495935230226,0.7188747902320626,0.6412026726057907,0.5865335642253234,0.6126509549396181,9817,0.6994134557496193,0.7619550674012141,0.5440013049506566,0.6031286734786147,0.5720411663807891,11059,0.549887037097347,0.6381601759233149,0.38509687034277196,0.3473118279569892,0.36522968197879857,3720,0.33574828772210136,0.7565091273716589,False
107,xgboost_learning_rate_0.05_max_depth_6_n_estimators_2000,0.05,6,2000,0.42,0.45,24596,0.5490365482264529,0.014873276253130825,0.7374107907852656,0,0.5793218409497479,0.5071628345517435,0.547546860610863,0.5071628345517435,0.5165528864354246,0.5704821455203329,0.5464325450053841,0.7369283992539425,0.6591036729192407,0.5977386166853418,0.6269230769230769,9817,0.7207632856249843,0.7799863008999461,0.5499704753469147,0.6737498869698888,0.6056000325110741,11059,0.5620854469910468,0.6540422750684756,0.43356643356643354,0.25,0.3171355498721228,3720,0.35644890240012117,0.7767566217934058,False
108,xgboost_learning_rate_0.3_max_depth_6_n_estimators_500,0.3,6,500,0.42,0.45,24596,0.5430143264585652,0.012867346633613623,0.7312408997820272,0,0.5745649699138071,0.5074695421971993,0.5414319853410317,0.5074695421971993,0.516532981375945,0.5673217784664469,0.5408752183891642,0.7306936762908663,0.6481339608186495,0.6032392788020781,0.6248812915479582,9817,0.7145072861941264,0.774406816264813,0.5495584652862363,0.6527714983271543,0.5967348625749122,11059,0.5612558045643999,0.6504144702375794,0.4266035299182092,0.2663978494623656,0.32798279000496444,3720,0.3468625644089662,0.7672597423702064,False
109,xgboost_learning_rate_0.3_max_depth_6_n_estimators_500,0.3,6,500,0.3,0.45,24596,0.5430143264585652,0.012867346633613623,0.7312408997820272,0,0.5776955602536998,0.5069533011223103,0.5556173157578901,0.5069533011223103,0.5165178607383606,0.5684838834676854,0.5408752183891642,0.7306936762908663,0.6996351844345359,0.527452378527045,0.6014635846207458,9817,0.7145072861941264,0.774406816264813,0.5406132329209252,0.7270096753775206,0.6201072075893718,11059,0.5612558045643999,0.6504144702375794,0.4266035299182092,0.2663978494623656,0.32798279000496444,3720,0.3468625644089662,0.7672597423702064,False
110,xgboost_learning_rate_0.3_max_depth_3_n_estimators_1000,0.3,3,1000,0.36,0.45,24596,0.5433819156924438,0.012510408775710339,0.7307984732183475,0,0.5776955602536998,0.5064640006463338,0.55477971823411,0.5064640006463338,0.516285407756569,0.5682885144393985,0.5411169245108919,0.7303503058915272,0.6876386894661272,0.5366201487216054,0.6028149673875729,9817,0.7139125809735651,0.7750430103452901,0.5422851695492306,0.7201374446152455,0.6186832394639736,11059,0.5567672417720337,0.6464375036450687,0.434415295686972,0.26263440860215054,0.3273580164181605,3720,0.3526709507870769,0.7695704036842225,False
111,xgboost_learning_rate_0.3_max_depth_6_n_estimators_2000,0.3,6,2000,0.36,0.35,24596,0.5313581202860787,0.009234344983437007,0.7199778709948166,0,0.5661896243291592,0.5095471812820694,0.5289262684036441,0.5095471812820694,0.516193186100773,0.5630257809474665,0.5306345218422732,0.7203936556941345,0.654255915666704,0.5942752368340634,0.6228248105049642,9817,0.7025992501627059,0.7650893859834029,0.5459968602825745,0.6289899629261235,0.5845623765704442,11059,0.5583930482109398,0.6453034017419365,0.38652602926165364,0.3053763440860215,0.34119237122691093,3720,0.330911267153174,0.7507881793570639,False
112,xgboost_learning_rate_0.3_max_depth_10_n_estimators_2000,0.3,10,2000,0.36,0.35,24596,0.5324432322247854,0.009643106614047443,0.7216581261965609,0,0.568751016425435,0.5088221468824595,0.5313719918679408,0.5088221468824595,0.5161820683053058,0.5644746162551341,0.532649559563372,0.7226074907879205,0.6532552227257654,0.6020169094428033,0.6265903307888041,9817,0.7057688832250638,0.7679480600958706,0.5465916197623515,0.6322452301293064,0.5863066538090647,11059,0.5592811189973643,0.6467355117039879,0.3942691331157055,0.2922043010752688,0.3356492203180485,3720,0.33289867646768806,0.7531389005639032,False
113,xgboost_learning_rate_0.3_max_depth_6_n_estimators_2000,0.3,6,2000,0.42,0.35,24596,0.5313581202860787,0.009234344983437007,0.7199778709948166,0,0.565742397137746,0.5099706678926618,0.5265793291933121,0.5099706678926618,0.516021550734266,0.5624714265496009,0.5306345218422732,0.7203936556941345,0.6447199657973492,0.6144443312620964,0.6292181713868461,9817,0.7025992501627059,0.7650893859834029,0.5484919925209333,0.6100913283298671,0.5776541095890411,11059,0.5583930482109398,0.6453034017419365,0.38652602926165364,0.3053763440860215,0.34119237122691093,3720,0.330911267153174,0.7507881793570639,False
114,xgboost_learning_rate_0.3_max_depth_10_n_estimators_2000,0.3,10,2000,0.42,0.35,24596,0.5324432322247854,0.009643106614047443,0.7216581261965609,0,0.568344446251423,0.5091346812230653,0.5293454855172762,0.5091346812230653,0.515966485707617,0.5639487730454423,0.532649559563372,0.7226074907879205,0.6446166914419197,0.6184170316797393,0.6312451260722641,9817,0.7057688832250638,0.7679480600958706,0.5491506319942033,0.6167827109141876,0.5810051107325384,11059,0.5592811189973643,0.6467355117039879,0.3942691331157055,0.2922043010752688,0.3356492203180485,3720,0.33289867646768806,0.7531389005639032,False
115,xgboost_learning_rate_0.3_max_depth_6_n_estimators_2000,0.3,6,2000,0.3,0.35,24596,0.5313581202860787,0.009234344983437007,0.7199778709948166,0,0.5664335664335665,0.508835707564968,0.5320257198809245,0.508835707564968,0.5159650682539375,0.5631193677793376,0.5306345218422732,0.7203936556941345,0.6668254346272922,0.5704390343282062,0.6148778479275323,9817,0.7025992501627059,0.7650893859834029,0.5427256957538276,0.6506917442806763,0.5918249856073691,11059,0.5583930482109398,0.6453034017419365,0.38652602926165364,0.3053763440860215,0.34119237122691093,3720,0.330911267153174,0.7507881793570639,False
116,xgboost_learning_rate_0.3_max_depth_10_n_estimators_2000,0.3,10,2000,0.3,0.35,24596,0.5324432322247854,0.009643106614047443,0.7216581261965609,0,0.5683851032688242,0.5078225264020417,0.5334168775849558,0.5078225264020417,0.5156578035868701,0.564089389756025,0.532649559563372,0.7226074907879205,0.6630724637681159,0.5825608638076806,0.6202147272530094,9817,0.7057688832250638,0.7679480600958706,0.5429090358710459,0.6487024143231757,0.5911094631895522,11059,0.5592811189973643,0.6467355117039879,0.3942691331157055,0.2922043010752688,0.3356492203180485,3720,0.33289867646768806,0.7531389005639032,False
117,xgboost_learning_rate_0.3_max_depth_3_n_estimators_2000,0.3,3,2000,0.3,0.35,24596,0.5314667351351231,0.011372018188233936,0.7202110989098105,0,0.5592372743535534,0.510184056138476,0.5374164317610184,0.510184056138476,0.5152275166974666,0.556606811782377,0.5283495935230226,0.7188747902320626,0.6942288697615352,0.5011714373026382,0.5821107430194037,9817,0.6994134557496193,0.7619550674012141,0.532923555178748,0.6820689031558007,0.5983421250941975,11059,0.549887037097347,0.6381601759233149,0.38509687034277196,0.3473118279569892,0.36522968197879857,3720,0.33574828772210136,0.7565091273716589,False
118,xgboost_learning_rate_0.05_max_depth_10_n_estimators_500,0.05,10,500,0.3,0.45,24596,0.5576592401076623,0.015322960845510908,0.7449766268053912,0,0.5841193690030899,0.50508649240854,0.5736145918545056,0.50508649240854,0.5145435914588489,0.570511761412832,0.5561380302704708,0.7454000900292216,0.7360155548908166,0.5012733014159112,0.5963764164091377,9817,0.7324701418482845,0.7892395483122314,0.5374992141824354,0.7731259607559454,0.6341318697619224,11059,0.5672034151798498,0.6603446276652036,0.4473290064902646,0.24086021505376345,0.31312248820548666,3720,0.368740533783278,0.7866160941102299,False
119,xgboost_learning_rate_0.3_max_depth_3_n_estimators_1000,0.3,3,1000,0.42,0.45,24596,0.5433819156924438,0.012510408775710339,0.7307984732183475,0,0.5722881769393398,0.5044877103515233,0.5418895136693587,0.5044877103515233,0.5139843454879697,0.5644950449008828,0.5411169245108919,0.7303503058915272,0.6443407752971232,0.5909137210960579,0.6164718384697131,9817,0.7139125809735651,0.7750430103452901,0.5469124700239808,0.6599150013563614,0.5981231815760357,11059,0.5567672417720337,0.6464375036450687,0.434415295686972,0.26263440860215054,0.3273580164181605,3720,0.3526709507870769,0.7695704036842225,False
120,xgboost_learning_rate_0.005_max_depth_10_n_estimators_2000,0.005,10,2000,0.3,0.45,24596,0.5644426433976386,0.01613727573516359,0.751335396047873,0,0.5868027321515693,0.5050726253416143,0.5894324503982203,0.5050726253416143,0.5137675657518179,0.5696965797159237,0.5640108791970023,0.7522556369682266,0.7641603179860881,0.47000101864113275,0.5820245979186377,9817,0.7407113289773133,0.7961397788198503,0.5359841669665347,0.8081200831901618,0.6445029387372444,11059,0.5716493504105224,0.6661463513045126,0.4681528662420382,0.23709677419354838,0.3147751605995717,3720,0.3796719582031714,0.7944807807803169,False
121,xgboost_learning_rate_0.3_max_depth_6_n_estimators_1000,0.3,6,1000,0.36,0.45,24596,0.5364244832269799,0.010550498433340856,0.7250224933206126,0,0.5726134330785494,0.5047958135372886,0.5387437288539055,0.5047958135372886,0.5136255055277259,0.5656146323741791,0.5349838002074948,0.7250291875199156,0.6616202473130706,0.583172048487318,0.6199242014076881,9817,0.7079767032560438,0.7692666382801754,0.5445149859737192,0.666968080296591,0.5995529363950417,11059,0.5596469175821737,0.6472833833569297,0.410095953274927,0.26424731182795697,0.32139937878044794,3720,0.337327779784267,0.7585375409226419,False
122,xgboost_learning_rate_0.005_max_depth_3_n_estimators_1000,0.005,3,1000,0.36,0.45,24596,0.5903085411077817,0.009733900518105663,0.7676784933529054,0,0.6007887461375834,0.5061818522166631,0.61798739878318,0.5061818522166631,0.5136117151391152,0.5781502735061633,0.5905076408423882,0.7684751024237101,0.7762113109706693,0.48792910257716204,0.5991993995496623,9817,0.754279408481624,0.8087186320959849,0.5425712446603078,0.8384121529975586,0.6588034673866705,11059,0.6008734325276026,0.688051214461912,0.5351796407185628,0.1922043010752688,0.28283227848101267,3720,0.4163700815179378,0.8086554607132336,False
123,xgboost_learning_rate_0.3_max_depth_10_n_estimators_1000,0.3,10,1000,0.3,0.45,24596,0.5362683060824216,0.010338791247772651,0.7253907110191754,0,0.5740770857049927,0.5041212818186925,0.5416100935012454,0.5041212818186925,0.5132304612973644,0.5663662533738653,0.5360979069454195,0.7262742261961174,0.6683565196887526,0.5774676581440359,0.6195966992731843,9817,0.7102279935989645,0.7712783114981425,0.5430828320892819,0.6776381227959128,0.6029447260439296,11059,0.5609460589016383,0.6490085516660045,0.41339092872570193,0.25725806451612904,0.3171499585749793,3720,0.33711966833565554,0.7585358154242048,False
124,xgboost_learning_rate_0.3_max_depth_6_n_estimators_1000,0.3,6,1000,0.3,0.45,24596,0.5364244832269799,0.010550498433340856,0.7250224933206126,0,0.5729793462351602,0.5040298569347537,0.5431313398148804,0.5040298569347537,0.5131552490808869,0.5654336689038694,0.5349838002074948,0.7250291875199156,0.6787403534976351,0.5554650096770908,0.6109461654809254,9817,0.7079767032560438,0.7692666382801754,0.5405577126720791,0.6923772492992133,0.6071202029812877,11059,0.5596469175821737,0.6472833833569297,0.410095953274927,0.26424731182795697,0.32139937878044794,3720,0.337327779784267,0.7585375409226419,False
125,xgboost_learning_rate_0.3_max_depth_10_n_estimators_1000,0.3,10,1000,0.42,0.45,24596,0.5362683060824216,0.010338791247772651,0.7253907110191754,0,0.5730200032525614,0.5048896363436577,0.5358085753571177,0.5048896363436577,0.5130779677922879,0.5655494236594045,0.5360979069454195,0.7262742261961174,0.6450106157112526,0.6189263522461037,0.6316993294172688,9817,0.7102279935989645,0.7712783114981425,0.5490241816343986,0.6384844922687404,0.5903846153846154,11059,0.5609460589016383,0.6490085516660045,0.41339092872570193,0.25725806451612904,0.3171499585749793,3720,0.33711966833565554,0.7585358154242048,False
126,xgboost_learning_rate_0.3_max_depth_6_n_estimators_1000,0.3,6,1000,0.42,0.45,24596,0.5364244832269799,0.010550498433340856,0.7250224933206126,0,0.5712310944869085,0.5048387427964677,0.5342833845007487,0.5048387427964677,0.5130121055373935,0.5643940140513439,0.5349838002074948,0.7250291875199156,0.644589952769429,0.6116940002037282,0.6277112841687137,9817,0.7079767032560438,0.7692666382801754,0.5481642474578903,0.6385749163577177,0.589925653663019,11059,0.5596469175821737,0.6472833833569297,0.410095953274927,0.26424731182795697,0.32139937878044794,3720,0.337327779784267,0.7585375409226419,False
127,xgboost_learning_rate_0.3_max_depth_10_n_estimators_1000,0.3,10,1000,0.36,0.45,24596,0.5362683060824216,0.010338791247772651,0.7253907110191754,0,0.5729793462351602,0.5040205598656553,0.5381234578297965,0.5040205598656553,0.5127830012514177,0.565506335508866,0.5360979069454195,0.7262742261961174,0.6556202418271384,0.596516247326067,0.6246733159101818,9817,0.7102279935989645,0.7712783114981425,0.5453592029365496,0.6582873677547699,0.5965257292690921,11059,0.5609460589016383,0.6490085516660045,0.41339092872570193,0.25725806451612904,0.3171499585749793,3720,0.33711966833565554,0.7585358154242048,False
128,xgboost_learning_rate_0.05_max_depth_6_n_estimators_2000,0.05,6,2000,0.3,0.45,24596,0.5490365482264529,0.014873276253130825,0.7374107907852656,0,0.5794031549845503,0.503600442917458,0.564398941850427,0.503600442917458,0.512725907956863,0.5670999221935229,0.5464325450053841,0.7369283992539425,0.7224915528132805,0.5009677090760924,0.59167468719923,9817,0.7207632856249843,0.7799863008999461,0.5371388391715674,0.7598336196762817,0.629367486799236,11059,0.5620854469910468,0.6540422750684756,0.43356643356643354,0.25,0.3171355498721228,3720,0.35644890240012117,0.7767566217934058,False
129,xgboost_learning_rate_0.05_max_depth_6_n_estimators_1000,0.05,6,1000,0.3,0.45,24596,0.5580918714031328,0.015157297729107063,0.7457577431953609,0,0.582737030411449,0.5035756050681905,0.5807941416524417,0.5035756050681905,0.5121915124728929,0.5668810459003648,0.5564454988103855,0.7460180962873363,0.7521562245728234,0.4708159315473159,0.5791254228793384,9817,0.7312557367468377,0.7897845892092703,0.5349049152439395,0.7960936793561805,0.6398720837270151,11059,0.5683119101616315,0.6615575442115982,0.45532128514056225,0.24381720430107526,0.3175770308123249,3720,0.36976884952268746,0.7867121554411405,False
130,xgboost_learning_rate_0.3_max_depth_10_n_estimators_2000,0.3,10,2000,0.36,0.45,24596,0.5324432322247854,0.009643106614047443,0.7216581261965609,0,0.5709871523825012,0.5036316281598051,0.5342846831103779,0.5036316281598051,0.5119425592141889,0.5640561246149135,0.532649559563372,0.7226074907879205,0.6503074220465525,0.6033411429153509,0.6259445178335535,9817,0.7057688832250638,0.7679480600958706,0.5457598656591099,0.6465322361877204,0.5918874172185431,11059,0.5592811189973643,0.6467355117039879,0.4067867616254713,0.2610215053763441,0.31799574259047,3720,0.33289867646768806,0.7531389005639032,False
131,xgboost_learning_rate_0.05_max_depth_3_n_estimators_500,0.05,3,500,0.3,0.45,24596,0.5838017022749078,0.013133423311344997,0.764201727054004,0,0.5881850707432102,0.50450726830627,0.6147623503733467,0.50450726830627,0.5119252188180207,0.5658655921080028,0.5841930339858455,0.7653467647908389,0.8040229885057472,0.42752368340633595,0.5582230498104676,9817,0.7525891939439296,0.8074089624553168,0.5321995464852608,0.8489013473189257,0.654238823652392,11059,0.5946695519979309,0.6829112659671043,0.5080645161290323,0.23709677419354838,0.32331378299120234,3720,0.4053203560156762,0.8057200659500955,False
132,xgboost_learning_rate_0.3_max_depth_10_n_estimators_2000,0.3,10,2000,0.42,0.45,24596,0.5324432322247854,0.009643106614047443,0.7216581261965609,0,0.5705805822084892,0.5039632292075701,0.5322165539598064,0.5039632292075701,0.511773366524345,0.5635899079091882,0.532649559563372,0.7226074907879205,0.6414199936795534,0.6202505857186513,0.6306576903158985,9817,0.7057688832250638,0.7679480600958706,0.5484429065743944,0.630617596527715,0.5866666666666667,11059,0.5592811189973643,0.6467355117039879,0.4067867616254713,0.2610215053763441,0.31799574259047,3720,0.33289867646768806,0.7531389005639032,False
133,xgboost_learning_rate_0.3_max_depth_10_n_estimators_500,0.3,10,500,0.42,0.45,24596,0.5398597936623628,0.011012430754346584,0.7293001008765099,0,0.5740364286875915,0.5035085306263117,0.5366646263025,0.5035085306263117,0.511733640165482,0.5658501860085792,0.539551994931096,0.7301155276066069,0.6484115948229757,0.6175002546602831,0.6325785244704164,9817,0.7148355648648211,0.7749592390189001,0.548129369286318,0.6451758748530608,0.592706429639475,11059,0.5621040940902147,0.650982187496516,0.4134529147982063,0.2478494623655914,0.3099159663865546,3720,0.3417163258382518,0.7644051563044048,False
134,xgboost_learning_rate_0.05_max_depth_6_n_estimators_500,0.05,6,500,0.3,0.45,24596,0.5688412937273186,0.01586055646547118,0.7538301524975526,0,0.585542364612132,0.5037056676431008,0.5962826843595472,0.5037056676431008,0.5117064655497937,0.5664081591883092,0.5679880115276837,0.7546875373944225,0.7756071805702217,0.44891514719364367,0.568681850441964,9817,0.7398765855986889,0.7979862804016803,0.5337592310397374,0.8234921783163035,0.6477010063653498,11059,0.5769252323610388,0.6702159763701154,0.4794816414686825,0.23870967741935484,0.31873653984206746,3720,0.38716221662332373,0.7958603554114722,False
135,xgboost_learning_rate_0.3_max_depth_10_n_estimators_2000,0.3,10,2000,0.3,0.45,24596,0.5324432322247854,0.009643106614047443,0.7216581261965609,0,0.570743210278094,0.5027148050855009,0.5364738818425476,0.5027148050855009,0.5114656808603509,0.563726811127626,0.532649559563372,0.7226074907879205,0.6605187319884727,0.5836813690536824,0.6197274497079819,9817,0.7057688832250638,0.7679480600958706,0.5421161519136989,0.6634415408264762,0.5966738502826008,11059,0.5592811189973643,0.6467355117039879,0.4067867616254713,0.2610215053763441,0.31799574259047,3720,0.33289867646768806,0.7531389005639032,False
136,xgboost_learning_rate_0.3_max_depth_10_n_estimators_500,0.3,10,500,0.3,0.45,24596,0.5398597936623628,0.011012430754346584,0.7293001008765099,0,0.5748902260530168,0.5022310151917894,0.544136982143914,0.5022310151917894,0.5114597509363171,0.5662415665452721,0.539551994931096,0.7301155276066069,0.6786673175494264,0.5664663339105633,0.6175115207373272,9817,0.7148355648648211,0.7749592390189001,0.5402907140841096,0.6923772492992133,0.6069517656850699,11059,0.5621040940902147,0.650982187496516,0.4134529147982063,0.2478494623655914,0.3099159663865546,3720,0.3417163258382518,0.7644051563044048,False
137,xgboost_learning_rate_0.005_max_depth_3_n_estimators_500,0.005,3,500,0.3,0.35,24596,0.5856904151790537,0.006783304047885999,0.7646802691894066,0,0.5734672304439746,0.5072224955628636,0.6110735565427349,0.5072224955628636,0.5113554481733646,0.5513081411174015,0.585267804220579,0.7650229044065839,0.8236359520036224,0.37058164408678823,0.5111704369818744,9817,0.7491157152482008,0.8053291742025422,0.5229491639546627,0.8427525092684691,0.6454070149925557,11059,0.5952525324518789,0.6851908354073639,0.4866355536699194,0.30833333333333335,0.377488892545664,3720,0.4114351649616571,0.8045487036098457,False
138,xgboost_learning_rate_0.05_max_depth_3_n_estimators_2000,0.05,3,2000,0.3,0.45,24596,0.5658213316797458,0.014750770192212832,0.7500238868919773,0,0.5842819970726948,0.5034398129136093,0.5953816778599436,0.5034398129136093,0.511307815111683,0.5651603581807908,0.5652807034819674,0.7509848421497906,0.774995560291245,0.4445349903229092,0.564992232004143,9817,0.7381003908938643,0.7961308530449881,0.5331420541046961,0.8233113301383489,0.647190532039663,11059,0.5751801849537987,0.6658501935427529,0.4780074191838898,0.24247311827956988,0.3217406812912431,3720,0.38256153459823883,0.7909734798616305,False
139,xgboost_learning_rate_0.3_max_depth_10_n_estimators_500,0.3,10,500,0.36,0.45,24596,0.5398597936623628,0.011012430754346584,0.7293001008765099,0,0.5735078874613758,0.5021023440865344,0.539411719598297,0.5021023440865344,0.5110060460954758,0.5652952761889167,0.539551994931096,0.7301155276066069,0.6619460941068981,0.5904044005296933,0.6241318042319496,9817,0.7148355648648211,0.7749592390189001,0.5428361498897869,0.6680531693643187,0.5989703676679233,11059,0.5621040940902147,0.650982187496516,0.4134529147982063,0.2478494623655914,0.3099159663865546,3720,0.3417163258382518,0.7644051563044048,False
140,xgboost_learning_rate_0.3_max_depth_3_n_estimators_500,0.3,3,500,0.3,0.45,24596,0.5572818475830977,0.01318306627371577,0.742387562829287,0,0.5807854935761912,0.5026958172674904,0.5824707443850204,0.5026958172674904,0.5109517977328056,0.5641660805862784,0.5561299325243133,0.742891882715583,0.7546218487394958,0.4573698685952939,0.5695439842709457,9817,0.7287416066826641,0.7880902290107769,0.5332772199843684,0.8020616692286825,0.6406182290914344,11059,0.5667154963325357,0.6579836585094769,0.4595131644311972,0.24865591397849462,0.32269317983603696,3720,0.3729326945577403,0.7826017606264951,False
141,xgboost_learning_rate_0.3_max_depth_6_n_estimators_2000,0.3,6,2000,0.36,0.45,24596,0.5313581202860787,0.009234344983437007,0.7199778709948166,0,0.5687103594080338,0.5026876722521664,0.5311300604318273,0.5026876722521664,0.5106875536350224,0.5624286368103543,0.5306345218422732,0.7203936556941345,0.6519995544168431,0.5962106549862484,0.6228583590507609,9817,0.7025992501627059,0.7650893859834029,0.5442845175538801,0.6462609639207885,0.5909053327821414,11059,0.5583930482109398,0.6453034017419365,0.3971061093247588,0.26559139784946234,0.31829896907216493,3720,0.330911267153174,0.7507881793570639,False
142,xgboost_learning_rate_0.3_max_depth_6_n_estimators_2000,0.3,6,2000,0.42,0.45,24596,0.5313581202860787,0.009234344983437007,0.7199778709948166,0,0.568344446251423,0.5031981349787665,0.5287756004678432,0.5031981349787665,0.5106449373755095,0.5620390436036087,0.5306345218422732,0.7203936556941345,0.6422815945716709,0.6170927982071917,0.6294352953400176,9817,0.7025992501627059,0.7650893859834029,0.5469390975071,0.6269102088796455,0.5842005477143459,11059,0.5583930482109398,0.6453034017419365,0.3971061093247588,0.26559139784946234,0.31829896907216493,3720,0.330911267153174,0.7507881793570639,False
143,xgboost_learning_rate_0.05_max_depth_3_n_estimators_1000,0.05,3,1000,0.3,0.45,24596,0.5758151567050411,0.013561812703339953,0.7585641535438825,0,0.5863148479427549,0.5032306373509806,0.605310670432477,0.5032306373509806,0.5104999463120695,0.5651059436769049,0.5758669422222936,0.7596684570954193,0.7940682708449917,0.43363553020270956,0.5609434708130189,9817,0.74695439547077,0.8028733385747047,0.5324310374491025,0.8394972420652862,0.6516002245929253,11059,0.5855799142694605,0.6754708770808654,0.489432703003337,0.23655913978494625,0.3189561435302646,3720,0.39506651692665035,0.8006611556306877,False
144,xgboost_learning_rate_0.3_max_depth_6_n_estimators_2000,0.3,6,2000,0.3,0.45,24596,0.5313581202860787,0.009234344983437007,0.7199778709948166,0,0.5690762725646447,0.5020513692583148,0.5344017649370956,0.5020513692583148,0.5104727469682367,0.5625371287710001,0.5306345218422732,0.7203936556941345,0.6649692089057319,0.5719669960272996,0.6149717978204917,9817,0.7025992501627059,0.7650893859834029,0.5411299765807962,0.6685957138981825,0.5981474740120536,11059,0.5583930482109398,0.6453034017419365,0.3971061093247588,0.26559139784946234,0.31829896907216493,3720,0.330911267153174,0.7507881793570639,False
145,xgboost_learning_rate_0.3_max_depth_3_n_estimators_1000,0.3,3,1000,0.3,0.45,24596,0.5433819156924438,0.012510408775710339,0.7307984732183475,0,0.5739144576353878,0.5014567425404204,0.5630382026198743,0.5014567425404204,0.5100856490119385,0.5613373825337198,0.5411169245108919,0.7303503058915272,0.7215384615384616,0.4777426912498727,0.5748605748605748,9817,0.7139125809735651,0.7750430103452901,0.5331608506341894,0.7639931277692378,0.6280383557570802,11059,0.5567672417720337,0.6464375036450687,0.434415295686972,0.26263440860215054,0.3273580164181605,3720,0.3526709507870769,0.7695704036842225,False
146,xgboost_learning_rate_0.05_max_depth_10_n_estimators_2000,0.05,10,2000,0.36,0.55,24596,0.5475596135452038,0.014238090341647427,0.7356042175677635,0,0.5844852821597007,0.5009685985982489,0.5564830662994841,0.5009685985982489,0.5093687911791432,0.5710191992977441,0.5466977047235063,0.7363096960211143,0.6727336366818341,0.5873484771315066,0.6271481400913639,9817,0.7213333671553912,0.7799246131122886,0.5478552466117088,0.7091057057600144,0.6181373901391243,11059,0.5648966361237887,0.6561664729855312,0.4488603156049094,0.2064516129032258,0.2828208433069416,3720,0.3538631108913391,0.772838001965523,False
147,xgboost_learning_rate_0.05_max_depth_10_n_estimators_2000,0.05,10,2000,0.42,0.55,24596,0.5475596135452038,0.014238090341647427,0.7356042175677635,0,0.5830216295332574,0.50092455174142,0.5516426697042413,0.50092455174142,0.5088616605326588,0.5699765866903537,0.5466977047235063,0.7363096960211143,0.6545631909820073,0.6151573800550066,0.6342488053352938,9817,0.7213333671553912,0.7799246131122886,0.5515045025258072,0.6811646622660277,0.6095153329557408,11059,0.5648966361237887,0.6561664729855312,0.4488603156049094,0.2064516129032258,0.2828208433069416,3720,0.3538631108913391,0.772838001965523,False
148,xgboost_learning_rate_0.05_max_depth_10_n_estimators_2000,0.05,10,2000,0.3,0.55,24596,0.5475596135452038,0.014238090341647427,0.7356042175677635,0,0.584729224264108,0.4999444308837347,0.5620424996570367,0.4999444308837347,0.5085093506438548,0.5703739001985512,0.5466977047235063,0.7363096960211143,0.6942675159235668,0.555159417337272,0.6169694911416765,9817,0.7213333671553912,0.7799246131122886,0.5429996674426338,0.7382222624107062,0.6257377174829463,11059,0.5648966361237887,0.6561664729855312,0.4488603156049094,0.2064516129032258,0.2828208433069416,3720,0.3538631108913391,0.772838001965523,False
149,xgboost_learning_rate_0.005_max_depth_6_n_estimators_2000,0.005,6,2000,0.3,0.45,24596,0.5787886940031928,0.015636630083830923,0.7612116280183108,0,0.5855017075947309,0.5008133722064394,0.6053596331599645,0.5008133722064394,0.5077449991653279,0.5634759378771429,0.5788071213558023,0.7623933371909496,0.7922804400522095,0.43282061729652643,0.5598155467720685,9817,0.7496412410981267,0.8050903976631204,0.531330325012852,0.8411248756668777,0.651263740110621,11059,0.5866165431674691,0.6791038320168514,0.492468134414832,0.22849462365591397,0.31215571061329417,3720,0.40016357980181094,0.802985781892877,False
150,xgboost_learning_rate_0.3_max_depth_3_n_estimators_2000,0.3,3,2000,0.36,0.45,24596,0.5314667351351231,0.011372018188233936,0.7202110989098105,0,0.5652545129289316,0.4984888989915662,0.5352450266251969,0.4984888989915662,0.5073128163743698,0.5578533522137435,0.5283495935230226,0.7188747902320626,0.6598355626457234,0.5477233370683509,0.5985750862740733,9817,0.6994134557496193,0.7619550674012141,0.5374081734541045,0.6813455104439823,0.6008771929824561,11059,0.549887037097347,0.6381601759233149,0.40849134377576257,0.2663978494623656,0.3224861698665799,3720,0.33574828772210136,0.7565091273716589,False
151,xgboost_learning_rate_0.3_max_depth_10_n_estimators_1000,0.3,10,1000,0.3,0.55,24596,0.5362683060824216,0.010338791247772651,0.7253907110191754,0,0.5750121971052203,0.4976574775971117,0.5427976574501369,0.4976574775971117,0.5063269475031181,0.5643067406333007,0.5360979069454195,0.7262742261961174,0.6666275384434793,0.5784862992767648,0.6194371727748691,9817,0.7102279935989645,0.7712783114981425,0.5414537194775696,0.6897549507188715,0.6066727641468167,11059,0.5609460589016383,0.6490085516660045,0.4203117144293615,0.22473118279569892,0.2928709055876686,3720,0.33711966833565554,0.7585358154242048,False
152,xgboost_learning_rate_0.3_max_depth_10_n_estimators_1000,0.3,10,1000,0.42,0.55,24596,0.5362683060824216,0.010338791247772651,0.7253907110191754,0,0.5738738006179867,0.49842274951756993,0.5367142428489576,0.49842274951756993,0.5061973807025483,0.5635158329416304,0.5360979069454195,0.7262742261961174,0.6421429323229134,0.621472955077926,0.6316388860130449,9817,0.7102279935989645,0.7712783114981425,0.5476880817945979,0.6490641106790849,0.5940823505069315,11059,0.5609460589016383,0.6490085516660045,0.4203117144293615,0.22473118279569892,0.2928709055876686,3720,0.33711966833565554,0.7585358154242048,False
153,xgboost_learning_rate_0.3_max_depth_3_n_estimators_2000,0.3,3,2000,0.42,0.45,24596,0.5314667351351231,0.011372018188233936,0.7202110989098105,0,0.5623272076760449,0.4979698976961078,0.5272197580879016,0.4979698976961078,0.5061787731665705,0.5557173280927916,0.5283495935230226,0.7188747902320626,0.6305621879748209,0.5918304981155139,0.610582733434922,9817,0.6994134557496193,0.7619550674012141,0.5426057425131213,0.635681345510444,0.5854674161982094,11059,0.549887037097347,0.6381601759233149,0.40849134377576257,0.2663978494623656,0.3224861698665799,3720,0.33574828772210136,0.7565091273716589,False
154,xgboost_learning_rate_0.005_max_depth_10_n_estimators_1000,0.005,10,1000,0.3,0.45,24596,0.5663059821715671,0.016247170479069917,0.7526721472356049,0,0.5852171084729224,0.4988630188367389,0.5928786884693541,0.4988630188367389,0.5060051645574889,0.5648759210066748,0.5664347295395644,0.7539131093867729,0.7725077612969989,0.45624936334929206,0.5736791546589818,9817,0.7418289460936045,0.7981573003157871,0.5328458613629716,0.8236730264942581,0.6470838957164169,11059,0.5737020577199745,0.6678683333618003,0.4732824427480916,0.21666666666666667,0.29725244329706807,3720,0.38377318480511424,0.7957136944827317,False
155,xgboost_learning_rate_0.3_max_depth_3_n_estimators_2000,0.3,3,2000,0.3,0.45,24596,0.5314667351351231,0.011372018188233936,0.7202110989098105,0,0.5662302813465604,0.4975763682291152,0.5433647280713263,0.4975763682291152,0.5059791426215495,0.5568923390698218,0.5283495935230226,0.7188747902320626,0.6884652845415333,0.5040236324742793,0.5819807104210774,9817,0.6994134557496193,0.7619550674012141,0.5331375558966829,0.7223076227507008,0.613470547576991,11059,0.549887037097347,0.6381601759233149,0.40849134377576257,0.2663978494623656,0.3224861698665799,3720,0.33574828772210136,0.7565091273716589,False
156,xgboost_learning_rate_0.3_max_depth_10_n_estimators_1000,0.3,10,1000,0.36,0.55,24596,0.5362683060824216,0.010338791247772651,0.7253907110191754,0,0.573955114652789,0.49761740373852187,0.5392516948873785,0.49761740373852187,0.5059663428844572,0.56355151267542,0.5360979069454195,0.7262742261961174,0.653610771113831,0.5983498013649792,0.6247606892150607,9817,0.7102279935989645,0.7712783114981425,0.5438325991189428,0.6697712270548875,0.6002674338506423,11059,0.5609460589016383,0.6490085516660045,0.4203117144293615,0.22473118279569892,0.2928709055876686,3720,0.33711966833565554,0.7585358154242048,False
157,xgboost_learning_rate_0.3_max_depth_10_n_estimators_2000,0.3,10,2000,0.36,0.55,24596,0.5324432322247854,0.009643106614047443,0.7216581261965609,0,0.5716376646609205,0.4974478027372014,0.534682797518538,0.4974478027372014,0.5055183090766392,0.5620438345329511,0.532649559563372,0.7226074907879205,0.6472255532541153,0.6047672405011715,0.6252764612954187,9817,0.7057688832250638,0.7679480600958706,0.5445210613101484,0.6569310064201103,0.5954673988770952,11059,0.5592811189973643,0.6467355117039879,0.4123017779913503,0.2306451612903226,0.2958110670574039,3720,0.33289867646768806,0.7531389005639032,False
158,xgboost_learning_rate_0.3_max_depth_10_n_estimators_2000,0.3,10,2000,0.3,0.55,24596,0.5324432322247854,0.009643106614047443,0.7216581261965609,0,0.5716376646609205,0.4967003878165563,0.5371738236686793,0.4967003878165563,0.505202383927185,0.5619139316478906,0.532649559563372,0.7226074907879205,0.6583715596330275,0.5848018742996842,0.6194098289906673,9817,0.7057688832250638,0.7679480600958706,0.54084813338166,0.6746541278596618,0.6003862557334836,11059,0.5592811189973643,0.6467355117039879,0.4123017779913503,0.2306451612903226,0.2958110670574039,3720,0.33289867646768806,0.7531389005639032,False
159,xgboost_learning_rate_0.3_max_depth_10_n_estimators_2000,0.3,10,2000,0.42,0.55,24596,0.5324432322247854,0.009643106614047443,0.7216581261965609,0,0.5709058383476988,0.49756115292961817,0.5322521583747578,0.49756115292961817,0.5051233543347956,0.5612911747889155,0.532649559563372,0.7226074907879205,0.6371506049228202,0.6222878679841092,0.6296315382633342,9817,0.7057688832250638,0.7679480600958706,0.5473040922101029,0.6397504295144226,0.5899274576836488,11059,0.5592811189973643,0.6467355117039879,0.4123017779913503,0.2306451612903226,0.2958110670574039,3720,0.33289867646768806,0.7531389005639032,False
160,xgboost_learning_rate_0.05_max_depth_10_n_estimators_1000,0.05,10,1000,0.36,0.55,24596,0.5529455947523355,0.014785027334209923,0.7405602667578044,0,0.5856236786469344,0.49748893769289126,0.5620401038954467,0.49748893769289126,0.5050431500466557,0.569803252957235,0.5515300494436902,0.7409593479962914,0.6850605652759085,0.5703371702149332,0.6224569205113952,9817,0.7265428834219652,0.7843705622486193,0.5443973919473012,0.7323446966271815,0.6245373226403454,11059,0.5661780018394487,0.6583425627202142,0.45666235446313064,0.18978494623655914,0.26813520698822635,3720,0.36186926306965705,0.7801649190200406,False
161,xgboost_learning_rate_0.3_max_depth_6_n_estimators_2000,0.3,6,2000,0.36,0.55,24596,0.5313581202860787,0.009234344983437007,0.7199778709948166,0,0.5708245243128964,0.4967678747167417,0.5340147157845019,0.4967678747167417,0.50486070652029,0.5612847601340458,0.5306345218422732,0.7203936556941345,0.6475455046883618,0.5979423449118876,0.6217561698972567,9817,0.7025992501627059,0.7650893859834029,0.5441077942380704,0.6609096663351117,0.596847950351135,11059,0.5583930482109398,0.6453034017419365,0.4103908484270734,0.2314516129032258,0.29597799931247853,3720,0.330911267153174,0.7507881793570639,False
162,xgboost_learning_rate_0.3_max_depth_6_n_estimators_2000,0.3,6,2000,0.3,0.55,24596,0.5313581202860787,0.009234344983437007,0.7199778709948166,0,0.5715563506261181,0.4963952173069583,0.5376040181491003,0.4963952173069583,0.5048559818305517,0.5616552218008235,0.5306345218422732,0.7203936556941345,0.6613414777399271,0.573494957726393,0.6142935079105292,9817,0.7025992501627059,0.7650893859834029,0.5410797282803004,0.684239081291256,0.6042964382686472,11059,0.5583930482109398,0.6453034017419365,0.4103908484270734,0.2314516129032258,0.29597799931247853,3720,0.330911267153174,0.7507881793570639,False
163,xgboost_learning_rate_0.05_max_depth_10_n_estimators_1000,0.05,10,1000,0.42,0.55,24596,0.5529455947523355,0.014785027334209923,0.7405602667578044,0,0.5839973979508863,0.4977514196244613,0.5547840996424228,0.4977514196244613,0.5048309102270802,0.5690018304993937,0.5515300494436902,0.7409593479962914,0.6575824175824175,0.6095548538249974,0.6326584553576149,9817,0.7265428834219652,0.7843705622486193,0.5501075268817204,0.6939144588118275,0.6136990683353992,11059,0.5661780018394487,0.6583425627202142,0.45666235446313064,0.18978494623655914,0.26813520698822635,3720,0.36186926306965705,0.7801649190200406,False
164,xgboost_learning_rate_0.3_max_depth_6_n_estimators_1000,0.3,6,1000,0.36,0.55,24596,0.5364244832269799,0.010550498433340856,0.7250224933206126,0,0.5746056269312083,0.49647792143797326,0.5416504140646011,0.49647792143797326,0.504824469411631,0.5633161472374136,0.5349838002074948,0.7250291875199156,0.6564213893967094,0.5852093307527758,0.6187732241908557,9817,0.7079767032560438,0.7692666382801754,0.5438936781609195,0.6846007776471652,0.6061891989270988,11059,0.5596469175821737,0.6472833833569297,0.42463617463617465,0.2196236559139785,0.28951098511693835,3720,0.337327779784267,0.7585375409226419,False
165,xgboost_learning_rate_0.3_max_depth_6_n_estimators_1000,0.3,6,1000,0.3,0.55,24596,0.5364244832269799,0.010550498433340856,0.7250224933206126,0,0.5754187672792324,0.49602445312119575,0.546514996368274,0.49602445312119575,0.5046016205055139,0.563443318683523,0.5349838002074948,0.7250291875199156,0.6748950876326832,0.5569929713761842,0.6103019141693174,9817,0.7079767032560438,0.7692666382801754,0.5400137268359643,0.7114567320734244,0.613991962230286,11059,0.5596469175821737,0.6472833833569297,0.42463617463617465,0.2196236559139785,0.28951098511693835,3720,0.337327779784267,0.7585375409226419,False
166,xgboost_learning_rate_0.005_max_depth_3_n_estimators_2000,0.005,3,2000,0.3,0.45,24596,0.5902477629299525,0.011604977030317511,0.7680238078997552,0,0.5863148479427549,0.49877819860512523,0.617421201120769,0.49877819860512523,0.5045833156890062,0.5611587066888691,0.5906218595717038,0.769050435124945,0.8092702169625247,0.4179484567586839,0.5512191845234097,9817,0.7557426975720481,0.8096917552231618,0.5297692050395808,0.8593001175513156,0.6554471152188157,11059,0.6011662831611141,0.6880250397708683,0.5132241813602015,0.21908602150537634,0.30708364732479276,3720,0.4149565979819489,0.8094345103808046,False
167,xgboost_learning_rate_0.3_max_depth_6_n_estimators_2000,0.3,6,2000,0.42,0.55,24596,0.5313581202860787,0.009234344983437007,0.7199778709948166,0,0.5699707269474711,0.4969280811117282,0.5312273664867533,0.4969280811117282,0.5044957579227766,0.5604908121354721,0.5306345218422732,0.7203936556941345,0.6365731043150398,0.6191300804726495,0.6277304415182029,9817,0.7025992501627059,0.7650893859834029,0.5467181467181467,0.6402025499593091,0.5897788329376484,11059,0.5583930482109398,0.6453034017419365,0.4103908484270734,0.2314516129032258,0.29597799931247853,3720,0.330911267153174,0.7507881793570639,False
168,xgboost_learning_rate_0.3_max_depth_10_n_estimators_500,0.3,10,500,0.3,0.55,24596,0.5398597936623628,0.011012430754346584,0.7293001008765099,0,0.5770043909578794,0.49570132057289124,0.5478113682817428,0.49570132057289124,0.5041336605897578,0.5645253527145765,0.539551994931096,0.7301155276066069,0.6763742264288315,0.567790567383111,0.617344113412338,9817,0.7148355648648211,0.7749592390189001,0.5394999655623666,0.7082918889592187,0.6124794745484401,11059,0.5621040940902147,0.650982187496516,0.4275599128540305,0.2110215053763441,0.28257739380849534,3720,0.3417163258382518,0.7644051563044048,False
169,xgboost_learning_rate_0.3_max_depth_10_n_estimators_500,0.3,10,500,0.42,0.55,24596,0.5398597936623628,0.011012430754346584,0.7293001008765099,0,0.5751748251748252,0.496289763368482,0.5393471260647379,0.496289763368482,0.5037995181062246,0.5633657620014595,0.539551994931096,0.7301155276066069,0.6434690639873083,0.6197412651522869,0.6313823163138231,9817,0.7148355648648211,0.7749592390189001,0.5470124013528749,0.6581065195768153,0.5974388441963553,11059,0.5621040940902147,0.650982187496516,0.4275599128540305,0.2110215053763441,0.28257739380849534,3720,0.3417163258382518,0.7644051563044048,False
170,xgboost_learning_rate_0.3_max_depth_10_n_estimators_500,0.3,10,500,0.36,0.55,24596,0.5398597936623628,0.011012430754346584,0.7293001008765099,0,0.5755000813140349,0.4955012920858184,0.5428792180244376,0.4955012920858184,0.5036548638509163,0.5635542107696989,0.539551994931096,0.7301155276066069,0.6588848594741614,0.5922379545686055,0.6237862775602168,9817,0.7148355648648211,0.7749592390189001,0.5421928817451206,0.6832444163125057,0.6046009201840368,11059,0.5621040940902147,0.650982187496516,0.4275599128540305,0.2110215053763441,0.28257739380849534,3720,0.3417163258382518,0.7644051563044048,False
171,xgboost_learning_rate_0.3_max_depth_6_n_estimators_1000,0.3,6,1000,0.42,0.55,24596,0.5364244832269799,0.010550498433340856,0.7250224933206126,0,0.5720442348349325,0.4956925112675539,0.5361495671144404,0.4956925112675539,0.5034378593524959,0.5610963528101728,0.5349838002074948,0.7250291875199156,0.6368143459915612,0.6149536518284608,0.6256931129191066,9817,0.7079767032560438,0.7692666382801754,0.5469981807155853,0.6525002260602224,0.5951094800214424,11059,0.5596469175821737,0.6472833833569297,0.42463617463617465,0.2196236559139785,0.28951098511693835,3720,0.337327779784267,0.7585375409226419,False
172,xgboost_learning_rate_0.05_max_depth_10_n_estimators_1000,0.05,10,1000,0.3,0.55,24596,0.5529455947523355,0.014785027334209923,0.7405602667578044,0,0.5848918523337128,0.4954401232934414,0.5689583695565826,0.4954401232934414,0.5027853227234661,0.5675084891337193,0.5515300494436902,0.7409593479962914,0.7116094626008478,0.5301008454721402,0.60758902510216,9817,0.7265428834219652,0.7843705622486193,0.5386032916057698,0.766434578171625,0.632631736080012,11059,0.5661780018394487,0.6583425627202142,0.45666235446313064,0.18978494623655914,0.26813520698822635,3720,0.36186926306965705,0.7801649190200406,False
173,xgboost_learning_rate_0.3_max_depth_6_n_estimators_500,0.3,6,500,0.36,0.55,24596,0.5430143264585652,0.012867346633613623,0.7312408997820272,0,0.578142787445113,0.49412249285964865,0.5508172688588103,0.49412249285964865,0.5019558931229265,0.5638616518271091,0.5408752183891642,0.7306936762908663,0.6659503342884432,0.5681980238362025,0.6132028802286593,9817,0.7145072861941264,0.774406816264813,0.5431164901664145,0.7141694547427435,0.6170071481582751,11059,0.5612558045643999,0.6504144702375794,0.4433849821215733,0.2,0.27565765098184514,3720,0.3468625644089662,0.7672597423702064,False
174,xgboost_learning_rate_0.005_max_depth_6_n_estimators_500,0.005,6,500,0.42,0.45,24596,0.5834349791649013,0.012310884477836933,0.7643790716839941,0,0.6022117417466255,0.49936914625458045,0.597732806968626,0.49936914625458045,0.5017582512503611,0.5782601758311816,0.583511190132353,0.7652371906387266,0.6988215283683635,0.585922379545686,0.6374113475177305,9817,0.7514041682352219,0.807358960884863,0.5544805194805195,0.7721312957771951,0.6454514531917306,11059,0.5933902422240781,0.6836289174139101,0.5398963730569948,0.1400537634408602,0.2224119530416222,3720,0.4057391599377589,0.804723693617407,False
175,xgboost_learning_rate_0.3_max_depth_6_n_estimators_500,0.3,6,500,0.3,0.55,24596,0.5430143264585652,0.012867346633613623,0.7312408997820272,0,0.5794844690193527,0.4936261413385404,0.5588437008445366,0.4936261413385404,0.5012274709644969,0.5635387812452592,0.5408752183891642,0.7306936762908663,0.6944704779756327,0.528369155546501,0.6001388406803193,9817,0.7145072861941264,0.774406816264813,0.5386756424364036,0.7525092684691201,0.6278859212313264,11059,0.5612558045643999,0.6504144702375794,0.4433849821215733,0.2,0.27565765098184514,3720,0.3468625644089662,0.7672597423702064,False
176,xgboost_learning_rate_0.005_max_depth_6_n_estimators_1000,0.005,6,1000,0.3,0.45,24596,0.5828798177423018,0.014325491150844092,0.7639147980587104,0,0.5859895918035453,0.4953108570324429,0.6113715907103042,0.4953108570324429,0.5001504174943302,0.5602498672632796,0.5832118123724772,0.7650242424655939,0.8023434498655397,0.42548640114087805,0.5560806762963456,9817,0.7527270546232427,0.8073428910438658,0.5301123972487838,0.8572203635048377,0.6551033100684127,11059,0.5921900390390474,0.6827166774958036,0.5016589250165893,0.2032258064516129,0.2892672661182323,3720,0.40471834345514146,0.8050131588571123,False
177,xgboost_learning_rate_0.3_max_depth_6_n_estimators_500,0.3,6,500,0.42,0.55,24596,0.5430143264585652,0.012867346633613623,0.7312408997820272,0,0.5743616848268011,0.4927722291868922,0.5424794190959239,0.4927722291868922,0.5000814575999876,0.5609254423566983,0.5408752183891642,0.7306936762908663,0.6362374546231049,0.6070082509931751,0.6212792576760674,9817,0.7145072861941264,0.774406816264813,0.5478158205430933,0.6713084365675016,0.6033074641420503,11059,0.5612558045643999,0.6504144702375794,0.4433849821215733,0.2,0.27565765098184514,3720,0.3468625644089662,0.7672597423702064,False
178,xgboost_learning_rate_0.05_max_depth_10_n_estimators_500,0.05,10,500,0.36,0.55,24596,0.5576592401076623,0.015322960845510908,0.7449766268053912,0,0.5885916409172223,0.4930259118246896,0.5696520208787439,0.4930259118246896,0.49788489464178154,0.5684373666735371,0.5561380302704708,0.7454000900292216,0.700453074433657,0.5511867169196292,0.6169193934557063,9817,0.7324701418482845,0.7892395483122314,0.5434224049331963,0.7649877927479881,0.6354452247718482,11059,0.5672034151798498,0.6603446276652036,0.46508058326937834,0.1629032258064516,0.24129006569779016,3720,0.368740533783278,0.7866160941102299,False
179,xgboost_learning_rate_0.05_max_depth_10_n_estimators_500,0.05,10,500,0.42,0.55,24596,0.5576592401076623,0.015322960845510908,0.7449766268053912,0,0.5848105382989104,0.4920341022465284,0.5578796536025868,0.4920341022465284,0.49670033982294787,0.5662847177196935,0.5561380302704708,0.7454000900292216,0.6590527376553578,0.5995721707242538,0.627906976744186,9817,0.7324701418482845,0.7892395483122314,0.5495056398830247,0.7136269102088797,0.6209039770268675,11059,0.5672034151798498,0.6603446276652036,0.46508058326937834,0.1629032258064516,0.24129006569779016,3720,0.368740533783278,0.7866160941102299,False
180,xgboost_learning_rate_0.05_max_depth_6_n_estimators_2000,0.05,6,2000,0.36,0.55,24596,0.5490365482264529,0.014873276253130825,0.7374107907852656,0,0.5838347698812815,0.49136111942758504,0.5583263233754711,0.49136111942758504,0.496686504833651,0.5653420798175715,0.5464325450053841,0.7369283992539425,0.6857610474631751,0.5548538249974534,0.6134009009009009,9817,0.7207632856249843,0.7799863008999461,0.5436038875755188,0.7485306085541188,0.6298170198196827,11059,0.5620854469910468,0.6540422750684756,0.4456140350877193,0.17069892473118278,0.2468415937803693,3720,0.35644890240012117,0.7767566217934058,False
181,xgboost_learning_rate_0.005_max_depth_10_n_estimators_500,0.005,10,500,0.42,0.45,24596,0.5659174419282198,0.016938964839589416,0.7517275153426238,0,0.5922101154659294,0.4927602975460752,0.5724517332953719,0.4927602975460752,0.49496894352760396,0.569894766123339,0.5664883695464086,0.7531772751862978,0.6710071445033418,0.5931547315880615,0.629683698296837,9817,0.7390046035480874,0.7971493632204024,0.5533247995688203,0.7426530427705941,0.6341595243610532,11059,0.575203068670062,0.6687691308285204,0.4930232558139535,0.1424731182795699,0.2210636079249218,3720,0.3852574364210764,0.7936133315099708,False
182,xgboost_learning_rate_0.05_max_depth_6_n_estimators_2000,0.05,6,2000,0.42,0.55,24596,0.5490365482264529,0.014873276253130825,0.7374107907852656,0,0.578346072532119,0.48904235914083166,0.5463712020612822,0.48904235914083166,0.4941222069739535,0.5614102622484609,0.5464325450053841,0.7369283992539425,0.645464480874317,0.6016094529897117,0.6227658564875836,9817,0.7207632856249843,0.7799863008999461,0.5480350902218102,0.6948186997016005,0.6127591706539075,11059,0.5620854469910468,0.6540422750684756,0.4456140350877193,0.17069892473118278,0.2468415937803693,3720,0.35644890240012117,0.7767566217934058,False
183,xgboost_learning_rate_0.005_max_depth_3_n_estimators_1000,0.005,3,1000,0.3,0.45,24596,0.5903085411077817,0.009733900518105663,0.7676784933529054,0,0.5848511953163116,0.4912433112909326,0.6262269739012126,0.4912433112909326,0.4941176753962449,0.5547973411806914,0.5905076408423882,0.7684751024237101,0.8162384378211717,0.4045023938066619,0.5409344775916087,9817,0.754279408481624,0.8087186320959849,0.5272628431639033,0.8770232389908672,0.6585862701161133,11059,0.6008734325276026,0.688051214461912,0.5351796407185628,0.1922043010752688,0.28283227848101267,3720,0.4163700815179378,0.8086554607132336,False
184,xgboost_learning_rate_0.005_max_depth_6_n_estimators_500,0.005,6,500,0.36,0.45,24596,0.5834349791649013,0.012310884477836933,0.7643790716839941,0,0.5980647259717027,0.49291992006215296,0.6146102623086485,0.49291992006215296,0.4940214170286674,0.5696490007699956,0.583511190132353,0.7652371906387266,0.7638104205900816,0.4957726392991749,0.6012724689604052,9817,0.7514041682352219,0.807358960884863,0.540123993278869,0.8429333574464237,0.6583798290839749,11059,0.5933902422240781,0.6836289174139101,0.5398963730569948,0.1400537634408602,0.2224119530416222,3720,0.4057391599377589,0.804723693617407,False
185,xgboost_learning_rate_0.05_max_depth_10_n_estimators_500,0.05,10,500,0.3,0.55,24596,0.5576592401076623,0.015322960845510908,0.7449766268053912,0,0.5861928768905513,0.48939810081368224,0.5782758655510069,0.48939810081368224,0.49343392515309564,0.5634895318878774,0.5561380302704708,0.7454000900292216,0.7338000893788172,0.5017826219822756,0.5960072595281307,9817,0.7324701418482845,0.7892395483122314,0.5359469240048251,0.8035084546523193,0.6430044502333659,11059,0.5672034151798498,0.6603446276652036,0.46508058326937834,0.1629032258064516,0.24129006569779016,3720,0.368740533783278,0.7866160941102299,False
186,xgboost_learning_rate_0.3_max_depth_3_n_estimators_1000,0.3,3,1000,0.36,0.55,24596,0.5433819156924438,0.012510408775710339,0.7307984732183475,0,0.5790372418279395,0.48756789265288974,0.5579760581254742,0.48756789265288974,0.4930705936722599,0.5601670744048436,0.5411169245108919,0.7303503058915272,0.6778643504917614,0.5405928491392482,0.6014960897653859,9817,0.7139125809735651,0.7750430103452901,0.5398984639416818,0.750067818066733,0.6278620898459675,11059,0.5567672417720337,0.6464375036450687,0.45616535994297935,0.17204301075268819,0.2498536014054265,3720,0.3526709507870769,0.7695704036842225,False
187,xgboost_learning_rate_0.05_max_depth_6_n_estimators_1000,0.05,6,1000,0.42,0.55,24596,0.5580918714031328,0.015157297729107063,0.7457577431953609,0,0.5854203935599285,0.48921568224381246,0.5602483246228225,0.48921568224381246,0.49202327436847026,0.5646982016926393,0.5564454988103855,0.7460180962873363,0.6544362908605738,0.5995721707242538,0.625804050821328,9817,0.7312557367468377,0.7897845892092703,0.5513086830078936,0.7199565964372909,0.6244461001529352,11059,0.5683119101616315,0.6615575442115982,0.475,0.14811827956989249,0.22581967213114754,3720,0.36976884952268746,0.7867121554411405,False
188,xgboost_learning_rate_0.05_max_depth_6_n_estimators_2000,0.05,6,2000,0.3,0.55,24596,0.5490365482264529,0.014873276253130825,0.7374107907852656,0,0.5808261505935924,0.4871591610458714,0.5662423314011178,0.4871591610458714,0.49176854358348326,0.5598330890226046,0.5464325450053841,0.7369283992539425,0.7183447471951042,0.5021900784353672,0.5911270983213429,9817,0.7207632856249843,0.7799863008999461,0.5347682119205298,0.7885884799710643,0.6373369386487375,11059,0.5620854469910468,0.6540422750684756,0.4456140350877193,0.17069892473118278,0.2468415937803693,3720,0.35644890240012117,0.7767566217934058,False
189,xgboost_learning_rate_0.005_max_depth_10_n_estimators_2000,0.005,10,2000,0.42,0.55,24596,0.5644426433976386,0.01613727573516359,0.751335396047873,0,0.5933078549357619,0.49124821109677197,0.5697716446465667,0.49124821109677197,0.49156408720562067,0.5695593175312549,0.5640108791970023,0.7522556369682266,0.67124227865477,0.5977386166853418,0.6323616574168867,9817,0.7407113289773133,0.7961397788198503,0.554904338453247,0.7448232209060494,0.6359881094853878,11059,0.5716493504105224,0.6661463513045126,0.48316831683168315,0.13118279569892474,0.20634249471458774,3720,0.3796719582031714,0.7944807807803169,False
190,xgboost_learning_rate_0.05_max_depth_6_n_estimators_500,0.05,6,500,0.42,0.55,24596,0.5688412937273186,0.01586055646547118,0.7538301524975526,0,0.5915596031875102,0.4904568051026137,0.574751788439381,0.4904568051026137,0.49138386900913344,0.5679789865150877,0.5679880115276837,0.7546875373944225,0.6652287433306845,0.5969237037791586,0.6292279609148502,9817,0.7398765855986889,0.7979862804016803,0.553431504998649,0.740844560991048,0.6335691915091056,11059,0.5769252323610388,0.6702159763701154,0.5055951169888098,0.1336021505376344,0.2113544546034446,3720,0.38716221662332373,0.7958603554114722,False
191,xgboost_learning_rate_0.3_max_depth_3_n_estimators_500,0.3,3,500,0.42,0.55,24596,0.5572818475830977,0.01318306627371577,0.742387562829287,0,0.5822898032200358,0.4877013202673776,0.5633822320090047,0.4877013202673776,0.49130458774709057,0.5618816512501467,0.5561299325243133,0.742891882715583,0.6438401409226027,0.5957013344198838,0.6188359788359789,9817,0.7287416066826641,0.7880902290107769,0.5502435629784272,0.7149832715435392,0.6218883951394077,11059,0.5667154963325357,0.6579836585094769,0.49606299212598426,0.15241935483870966,0.23318938926588526,3720,0.3729326945577403,0.7826017606264951,False
192,xgboost_learning_rate_0.05_max_depth_6_n_estimators_1000,0.05,6,1000,0.36,0.55,24596,0.5580918714031328,0.015157297729107063,0.7457577431953609,0,0.5875752154821923,0.4883459425759958,0.5739458273976713,0.4883459425759958,0.49117956835977816,0.564467099903695,0.5564454988103855,0.7460180962873363,0.7059695458833042,0.5336660894366915,0.6078431372549019,9817,0.7312557367468377,0.7897845892092703,0.5408679363097096,0.7832534587214034,0.6398758956932851,11059,0.5683119101616315,0.6615575442115982,0.475,0.14811827956989249,0.22581967213114754,3720,0.36976884952268746,0.7867121554411405,False
193,xgboost_learning_rate_0.3_max_depth_3_n_estimators_500,0.3,3,500,0.36,0.55,24596,0.5572818475830977,0.01318306627371577,0.742387562829287,0,0.5859082777687429,0.4877260025956954,0.5789880525303975,0.4877260025956954,0.4911417557187046,0.5626007956081583,0.5561299325243133,0.742891882715583,0.7011979308467193,0.5247020474686768,0.6002447124628562,9817,0.7287416066826641,0.7880902290107769,0.5397032346184889,0.7860566054796998,0.6399911654273724,11059,0.5667154963325357,0.6579836585094769,0.49606299212598426,0.15241935483870966,0.23318938926588526,3720,0.3729326945577403,0.7826017606264951,False
194,xgboost_learning_rate_0.005_max_depth_10_n_estimators_500,0.005,10,500,0.36,0.45,24596,0.5659174419282198,0.016938964839589416,0.7517275153426238,0,0.5912750040657018,0.48900493302746284,0.588386844375843,0.48900493302746284,0.4906792265252213,0.5654904378970554,0.5664883695464086,0.7531772751862978,0.7326328079392878,0.5113578486299277,0.6023156758053873,9817,0.7390046035480874,0.7971493632204024,0.5395044693742876,0.8131838321728908,0.6486583958453549,11059,0.575203068670062,0.6687691308285204,0.4930232558139535,0.1424731182795699,0.2210636079249218,3720,0.3852574364210764,0.7936133315099708,False
195,xgboost_learning_rate_0.3_max_depth_3_n_estimators_2000,0.3,3,2000,0.36,0.55,24596,0.5314667351351231,0.011372018188233936,0.7202110989098105,0,0.5661083102943568,0.48345914262993744,0.5344895312405445,0.48345914262993744,0.4903203144582158,0.551933755524432,0.5283495935230226,0.7188747902320626,0.6508433734939759,0.5502699399001731,0.5963459733951537,9817,0.6994134557496193,0.7619550674012141,0.5356234970800412,0.7049461976670585,0.6087296009994534,11059,0.549887037097347,0.6381601759233149,0.4170017231476163,0.19516129032258064,0.2658853689800403,3720,0.33574828772210136,0.7565091273716589,False
196,xgboost_learning_rate_0.05_max_depth_6_n_estimators_500,0.05,6,500,0.36,0.55,24596,0.5688412937273186,0.01586055646547118,0.7538301524975526,0,0.5940803382663847,0.4895532703871799,0.5921323615541594,0.4895532703871799,0.4901416903254008,0.5673319054944671,0.5679880115276837,0.7546875373944225,0.7287052810902896,0.5228684934297647,0.6088606844196667,9817,0.7398765855986889,0.7979862804016803,0.5420966865833786,0.8121891671941405,0.6502099319530911,11059,0.5769252323610388,0.6702159763701154,0.5055951169888098,0.1336021505376344,0.2113544546034446,3720,0.38716221662332373,0.7958603554114722,False
197,xgboost_learning_rate_0.3_max_depth_3_n_estimators_2000,0.3,3,2000,0.3,0.55,24596,0.5314667351351231,0.011372018188233936,0.7202110989098105,0,0.5678972190600098,0.48311893239588016,0.5434190800644806,0.48311893239588016,0.4893978406413589,0.5514794217379444,0.5283495935230226,0.7188747902320626,0.6817245640532748,0.5057553223999185,0.5807017543859649,9817,0.6994134557496193,0.7619550674012141,0.5315309529925507,0.7484401844651415,0.6216063985580714,11059,0.549887037097347,0.6381601759233149,0.4170017231476163,0.19516129032258064,0.2658853689800403,3720,0.33574828772210136,0.7565091273716589,False
198,xgboost_learning_rate_0.3_max_depth_3_n_estimators_1000,0.3,3,1000,0.42,0.55,24596,0.5433819156924438,0.012510408775710339,0.7307984732183475,0,0.570133355017076,0.4830604586036397,0.5420167210973684,0.4830604586036397,0.48846269059148884,0.5534787852326155,0.5411169245108919,0.7303503058915272,0.6259085079093629,0.596516247326067,0.6108590204975747,9817,0.7139125809735651,0.7750430103452901,0.543976295439763,0.6806221177321639,0.6046754498714653,11059,0.5567672417720337,0.6464375036450687,0.45616535994297935,0.17204301075268819,0.2498536014054265,3720,0.3526709507870769,0.7695704036842225,False
199,xgboost_learning_rate_0.005_max_depth_10_n_estimators_2000,0.005,10,2000,0.36,0.55,24596,0.5644426433976386,0.01613727573516359,0.751335396047873,0,0.5916409172223126,0.48759857008771257,0.5812177669369936,0.48759857008771257,0.4879984037675745,0.5657600377815696,0.5640108791970023,0.7522556369682266,0.7189946435929131,0.5332586329835999,0.6123523219089952,9817,0.7407113289773133,0.7961397788198503,0.5414903403863845,0.7983542815806131,0.6453003946791405,11059,0.5716493504105224,0.6661463513045126,0.48316831683168315,0.13118279569892474,0.20634249471458774,3720,0.3796719582031714,0.7944807807803169,False
200,xgboost_learning_rate_0.05_max_depth_3_n_estimators_2000,0.05,3,2000,0.42,0.55,24596,0.5658213316797458,0.014750770192212832,0.7500238868919773,0,0.587534558464791,0.4871129257534447,0.568496881761253,0.4871129257534447,0.4878071766294887,0.5640646734288074,0.5652807034819674,0.7509848421497906,0.6573426573426573,0.593664052154426,0.6238826740887438,9817,0.7381003908938643,0.7961308530449881,0.5516726606500645,0.7351478433854779,0.6303302837649248,11059,0.5751801849537987,0.6658501935427529,0.49647532729103727,0.13252688172043012,0.20920857203479737,3720,0.38256153459823883,0.7909734798616305,False
201,xgboost_learning_rate_0.3_max_depth_3_n_estimators_2000,0.3,3,2000,0.42,0.55,24596,0.5314667351351231,0.011372018188233936,0.7202110989098105,0,0.5607009269799967,0.4811625316548503,0.5243318724299467,0.4811625316548503,0.4875413238159912,0.5477132195774597,0.5283495935230226,0.7188747902320626,0.6157003051667894,0.5960069267597026,0.6056935817805383,9817,0.6994134557496193,0.7619550674012141,0.5402935889754344,0.6523193778822678,0.5910450206873951,11059,0.549887037097347,0.6381601759233149,0.4170017231476163,0.19516129032258064,0.2658853689800403,3720,0.33574828772210136,0.7565091273716589,False
202,xgboost_learning_rate_0.3_max_depth_3_n_estimators_1000,0.3,3,1000,0.3,0.55,24596,0.5433819156924438,0.012510408775710339,0.7307984732183475,0,0.5763538786794601,0.48331343788486225,0.5676598568539988,0.48331343788486225,0.4874384006959858,0.5539272740523882,0.5411169245108919,0.7303503058915272,0.7155002277212692,0.4800855658551492,0.5746159473299195,9817,0.7139125809735651,0.7750430103452901,0.5313139828977478,0.7978117370467492,0.6378456533526116,11059,0.5567672417720337,0.6464375036450687,0.45616535994297935,0.17204301075268819,0.2498536014054265,3720,0.3526709507870769,0.7695704036842225,False
203,xgboost_learning_rate_0.05_max_depth_3_n_estimators_1000,0.05,3,1000,0.42,0.55,24596,0.5758151567050411,0.013561812703339953,0.7585641535438825,0,0.5954626768580257,0.4892305318405779,0.5791837146393619,0.4892305318405779,0.4868789352316791,0.568744883852456,0.5758669422222936,0.7596684570954193,0.672966121226089,0.5948864215137007,0.631522032981887,9817,0.74695439547077,0.8028733385747047,0.5556882255389718,0.7574825933628718,0.6410805846789622,11059,0.5855799142694605,0.6754708770808654,0.5088967971530249,0.1153225806451613,0.18803418803418803,3720,0.39506651692665035,0.8006611556306877,False
204,xgboost_learning_rate_0.05_max_depth_3_n_estimators_2000,0.05,3,2000,0.36,0.55,24596,0.5658213316797458,0.014750770192212832,0.7500238868919773,0,0.589120182143438,0.4853407259833192,0.5858498636813265,0.4853407259833192,0.4856555322587414,0.5622998664529409,0.5652807034819674,0.7509848421497906,0.7226590421729807,0.514923092594479,0.6013561741613134,9817,0.7381003908938643,0.7961308530449881,0.5384152215799615,0.8085722036350483,0.6464018505801135,11059,0.5751801849537987,0.6658501935427529,0.49647532729103727,0.13252688172043012,0.20920857203479737,3720,0.38256153459823883,0.7909734798616305,False
205,xgboost_learning_rate_0.05_max_depth_3_n_estimators_500,0.05,3,500,0.42,0.55,24596,0.5838017022749078,0.013133423311344997,0.764201727054004,0,0.5984712961457147,0.4894322925379797,0.5922457907761135,0.4894322925379797,0.48552568987329564,0.5697722942605303,0.5841930339858455,0.7653467647908389,0.6801358631998126,0.5915249057756953,0.6327431217651865,9817,0.7525891939439296,0.8074089624553168,0.555729574523623,0.7700515417307171,0.645567221316757,11059,0.5946695519979309,0.6829112659671043,0.5408719346049047,0.10672043010752688,0.17826672653794343,3720,0.4053203560156762,0.8057200659500955,False
206,xgboost_learning_rate_0.005_max_depth_6_n_estimators_2000,0.005,6,2000,0.42,0.55,24596,0.5787886940031928,0.015636630083830923,0.7612116280183108,0,0.596316474223451,0.4885605279441329,0.5893721869233709,0.4885605279441329,0.4854224648512268,0.5683040870127504,0.5788071213558023,0.7623933371909496,0.6763019309537741,0.5886727106040542,0.6294521293976691,9817,0.7496412410981267,0.8050903976631204,0.5545597278555541,0.7665250022606023,0.6435376731827671,11059,0.5866165431674691,0.6791038320168514,0.5372549019607843,0.11048387096774194,0.18327759197324414,3720,0.40016357980181094,0.802985781892877,False
207,xgboost_learning_rate_0.05_max_depth_6_n_estimators_1000,0.05,6,1000,0.3,0.55,24596,0.5580918714031328,0.015157297729107063,0.7457577431953609,0,0.5837534558464791,0.4832055828884296,0.5849928127669624,0.4832055828884296,0.48429695755112306,0.5566508842092095,0.5564454988103855,0.7460180962873363,0.7479018721755971,0.4720383009065906,0.5787797414600637,9817,0.7312557367468377,0.7897845892092703,0.53207656612529,0.8294601681888055,0.6482914590621577,11059,0.5683119101616315,0.6615575442115982,0.475,0.14811827956989249,0.22581967213114754,3720,0.36976884952268746,0.7867121554411405,False
208,xgboost_learning_rate_0.3_max_depth_3_n_estimators_500,0.3,3,500,0.3,0.55,24596,0.5572818475830977,0.01318306627371577,0.742387562829287,0,0.5822491462026346,0.4825269813128013,0.5914628630760098,0.4825269813128013,0.48367389089342366,0.5541457368054971,0.5561299325243133,0.742891882715583,0.7474663565376308,0.4582866456147499,0.568199040161657,9817,0.7287416066826641,0.7880902290107769,0.5308592405644144,0.8368749434849444,0.6496332432527288,11059,0.5667154963325357,0.6579836585094769,0.49606299212598426,0.15241935483870966,0.23318938926588526,3720,0.3729326945577403,0.7826017606264951,False
209,xgboost_learning_rate_0.05_max_depth_3_n_estimators_1000,0.05,3,1000,0.36,0.55,24596,0.5758151567050411,0.013561812703339953,0.7585641535438825,0,0.5949341356318101,0.4856507406846384,0.5980740786856229,0.4856507406846384,0.482768802689069,0.5645176211733053,0.5758669422222936,0.7596684570954193,0.7454193356174587,0.5097280228175614,0.6054446460980036,9817,0.74695439547077,0.8028733385747047,0.539906103286385,0.8319016185911927,0.6548275739350155,11059,0.5855799142694605,0.6754708770808654,0.5088967971530249,0.1153225806451613,0.18803418803418803,3720,0.39506651692665035,0.8006611556306877,False
210,xgboost_learning_rate_0.005_max_depth_3_n_estimators_500,0.005,3,500,0.42,0.45,24596,0.5856904151790537,0.006783304047885999,0.7646802691894066,0,0.6019271426248171,0.4886525072302268,0.6057192729176069,0.4886525072302268,0.48257969047205557,0.5703563250451144,0.585267804220579,0.7650229044065839,0.7110033188664795,0.5673831109300194,0.631125715256926,9817,0.7491157152482008,0.8053291742025422,0.5507722845977296,0.8028754860294782,0.6533480500367917,11059,0.5952525324518789,0.6851908354073639,0.5553822152886115,0.0956989247311828,0.16326530612244897,3720,0.4114351649616571,0.8045487036098457,False
211,xgboost_learning_rate_0.005_max_depth_6_n_estimators_2000,0.005,6,2000,0.36,0.55,24596,0.5787886940031928,0.015636630083830923,0.7612116280183108,0,0.596519759310457,0.4858321619780381,0.6074949284590061,0.4858321619780381,0.4821047575479398,0.5649838494563517,0.5788071213558023,0.7623933371909496,0.7445168938944873,0.5117653050830192,0.6065801388469665,9817,0.7496412410981267,0.8050903976631204,0.5407129895217467,0.8352473098833529,0.6564565418236088,11059,0.5866165431674691,0.6791038320168514,0.5372549019607843,0.11048387096774194,0.18327759197324414,3720,0.40016357980181094,0.802985781892877,False
212,xgboost_learning_rate_0.05_max_depth_3_n_estimators_500,0.05,3,500,0.36,0.55,24596,0.5838017022749078,0.013133423311344997,0.764201727054004,0,0.5969669865018702,0.4850566551830164,0.6119097477109647,0.4850566551830164,0.4804425191982448,0.5643180383942376,0.5841930339858455,0.7653467647908389,0.7555691180958194,0.5044310889273709,0.6049722069513164,9817,0.7525891939439296,0.8074089624553168,0.5392881904321701,0.8440184465141514,0.6580886241054746,11059,0.5946695519979309,0.6829112659671043,0.5408719346049047,0.10672043010752688,0.17826672653794343,3720,0.4053203560156762,0.8057200659500955,False
213,xgboost_learning_rate_0.005_max_depth_10_n_estimators_2000,0.005,10,2000,0.3,0.55,24596,0.5644426433976386,0.01613727573516359,0.751335396047873,0,0.5868840461863718,0.4817191989541379,0.5923443556513123,0.4817191989541379,0.48023849782704026,0.556848830022163,0.5640108791970023,0.7522556369682266,0.7614179719703216,0.4704084750942243,0.5815388490114595,9817,0.7407113289773133,0.7961397788198503,0.532446778151932,0.8435663260692648,0.6528341497550735,11059,0.5716493504105224,0.6661463513045126,0.48316831683168315,0.13118279569892474,0.20634249471458774,3720,0.3796719582031714,0.7944807807803169,False
214,xgboost_learning_rate_0.005_max_depth_10_n_estimators_1000,0.005,10,1000,0.42,0.55,24596,0.5663059821715671,0.016247170479069917,0.7526721472356049,0,0.589933322491462,0.483339033478344,0.5684589931599894,0.483339033478344,0.47933983964618393,0.5625559547643276,0.5664347295395644,0.7539131093867729,0.6600314889788574,0.5978404807986146,0.6273985782243839,9817,0.7418289460936045,0.7981573003157871,0.5534000134255219,0.7454561895288905,0.6352288488210819,11059,0.5737020577199745,0.6678683333618003,0.4919454770755886,0.10672043010752688,0.17539209189308594,3720,0.38377318480511424,0.7957136944827317,False
215,xgboost_learning_rate_0.05_max_depth_6_n_estimators_500,0.05,6,500,0.3,0.55,24596,0.5688412937273186,0.01586055646547118,0.7538301524975526,0,0.5855830216295332,0.48050811969081936,0.6028282400411703,0.48050811969081936,0.47843478546372964,0.5535860468738331,0.5679880115276837,0.7546875373944225,0.7725840336134454,0.44952633187328106,0.5683559791358104,9817,0.7398765855986889,0.7979862804016803,0.5303055695212558,0.8583958766615426,0.6555939226519337,11059,0.5769252323610388,0.6702159763701154,0.5055951169888098,0.1336021505376344,0.2113544546034446,3720,0.38716221662332373,0.7958603554114722,False
216,xgboost_learning_rate_0.005_max_depth_3_n_estimators_2000,0.005,3,2000,0.42,0.55,24596,0.5902477629299525,0.011604977030317511,0.7680238078997552,0,0.6003008619287689,0.48621514090575046,0.6020205423728436,0.48621514090575046,0.47791256641801955,0.5677257655755408,0.5906218595717038,0.769050435124945,0.6857620241078888,0.5853111948660487,0.6315673774455924,9817,0.7557426975720481,0.8096917552231618,0.555839672697053,0.7862374536576544,0.6512620777469852,11059,0.6011662831611141,0.6880250397708683,0.5644599303135889,0.08709677419354839,0.15090824406148112,3720,0.4149565979819489,0.8094345103808046,False
217,xgboost_learning_rate_0.005_max_depth_10_n_estimators_1000,0.005,10,1000,0.36,0.55,24596,0.5663059821715671,0.016247170479069917,0.7526721472356049,0,0.5918035452919174,0.4820638238565553,0.5847253189094695,0.4820638238565553,0.4779055481091991,0.5615540598285647,0.5664347295395644,0.7539131093867729,0.7215013255197432,0.5267393297341346,0.608926048045219,9817,0.7418289460936045,0.7981573003157871,0.5407291541330767,0.8127317117280043,0.6493985043892923,11059,0.5737020577199745,0.6678683333618003,0.4919454770755886,0.10672043010752688,0.17539209189308594,3720,0.38377318480511424,0.7957136944827317,False
218,xgboost_learning_rate_0.005_max_depth_6_n_estimators_1000,0.005,6,1000,0.42,0.55,24596,0.5828798177423018,0.014325491150844092,0.7639147980587104,0,0.5957066189624329,0.4839306481092975,0.5929851957184903,0.4839306481092975,0.47681117067461076,0.5645341119325109,0.5832118123724772,0.7650242424655939,0.6741769787532104,0.5882652541509626,0.6282978839144862,9817,0.7527270546232427,0.8073428910438658,0.5538900785153462,0.7718600235102632,0.644956554590102,11059,0.5921900390390474,0.6827166774958036,0.5508885298869144,0.09166666666666666,0.15717907351924407,3720,0.40471834345514146,0.8050131588571123,False
219,xgboost_learning_rate_0.05_max_depth_3_n_estimators_2000,0.05,3,2000,0.3,0.55,24596,0.5658213316797458,0.014750770192212832,0.7500238868919773,0,0.5832249146202635,0.4783619028100215,0.598546471153861,0.4783619028100215,0.47588966358404367,0.5509966940677669,0.5652807034819674,0.7509848421497906,0.7703560098695805,0.4452480391158195,0.5643276741333677,9817,0.7381003908938643,0.7961308530449881,0.5288080763009649,0.857310787593815,0.6541327445839658,11059,0.5751801849537987,0.6658501935427529,0.49647532729103727,0.13252688172043012,0.20920857203479737,3720,0.38256153459823883,0.7909734798616305,False
220,xgboost_learning_rate_0.005_max_depth_10_n_estimators_500,0.005,10,500,0.3,0.45,24596,0.5659174419282198,0.016938964839589416,0.7517275153426238,0,0.5802162953325743,0.4776604756122333,0.6005128736384094,0.4776604756122333,0.47576333688629563,0.547866876095267,0.5664883695464086,0.7531772751862978,0.7829413960432997,0.42731995517979016,0.5528830313014828,9817,0.7390046035480874,0.7971493632204024,0.525573969057975,0.8631883533773397,0.6533433714324823,11059,0.575203068670062,0.6687691308285204,0.4930232558139535,0.1424731182795699,0.2210636079249218,3720,0.3852574364210764,0.7936133315099708,False
221,xgboost_learning_rate_0.005_max_depth_6_n_estimators_500,0.005,6,500,0.3,0.45,24596,0.5834349791649013,0.012310884477836933,0.7643790716839941,0,0.5831029435680598,0.47846834467946536,0.6258681796371693,0.47846834467946536,0.4747664632850419,0.5466964216762588,0.583511190132353,0.7652371906387266,0.8124745209947004,0.40603035550575534,0.541465733885757,9817,0.7514041682352219,0.807358960884863,0.525233644859813,0.8893209150917805,0.6604217029277465,11059,0.5933902422240781,0.6836289174139101,0.5398963730569948,0.1400537634408602,0.2224119530416222,3720,0.4057391599377589,0.804723693617407,False
222,xgboost_learning_rate_0.005_max_depth_6_n_estimators_1000,0.005,6,1000,0.36,0.55,24596,0.5828798177423018,0.014325491150844092,0.7639147980587104,0,0.5979020979020979,0.48252667527255744,0.6152829956005949,0.48252667527255744,0.47466701780680953,0.5627256489602817,0.5832118123724772,0.7650242424655939,0.7550030321406913,0.5072832840990119,0.6068360445987936,9817,0.7527270546232427,0.8073428910438658,0.5399574247741787,0.8486300750519938,0.659985935302391,11059,0.5921900390390474,0.6827166774958036,0.5508885298869144,0.09166666666666666,0.15717907351924407,3720,0.40471834345514146,0.8050131588571123,False
223,xgboost_learning_rate_0.005_max_depth_3_n_estimators_2000,0.005,3,2000,0.36,0.55,24596,0.5902477629299525,0.011604977030317511,0.7680238078997552,0,0.597739469832493,0.48096049457718726,0.6231846024573238,0.48096049457718726,0.47170079706571116,0.5608302647426793,0.5906218595717038,0.769050435124945,0.7670239596469105,0.495670775185902,0.6021904585112308,9817,0.7557426975720481,0.8096917552231618,0.5380699174114719,0.8601139343521114,0.6620036886244215,11059,0.6011662831611141,0.6880250397708683,0.5644599303135889,0.08709677419354839,0.15090824406148112,3720,0.4149565979819489,0.8094345103808046,False
224,xgboost_learning_rate_0.05_max_depth_3_n_estimators_1000,0.05,3,1000,0.3,0.55,24596,0.5758151567050411,0.013561812703339953,0.7585641535438825,0,0.5846072532119043,0.47516914848354924,0.6091507023759387,0.47516914848354924,0.4690661261337321,0.5482938243537453,0.5758669422222936,0.7596684570954193,0.7910558545184635,0.43424671488234695,0.5606997237932395,9817,0.74695439547077,0.8028733385747047,0.5274994554563276,0.8759381499231396,0.6584644665737688,11059,0.5855799142694605,0.6754708770808654,0.5088967971530249,0.1153225806451613,0.18803418803418803,3720,0.39506651692665035,0.8006611556306877,False
225,xgboost_learning_rate_0.005_max_depth_3_n_estimators_500,0.005,3,500,0.36,0.45,24596,0.5856904151790537,0.006783304047885999,0.7646802691894066,0,0.5921694584485282,0.47754803855870115,0.6231416507758857,0.47754803855870115,0.4690318259434332,0.5545495633342754,0.585267804220579,0.7650229044065839,0.7814376393892606,0.463991035958032,0.582257445992586,9817,0.7491157152482008,0.8053291742025422,0.5326050976497848,0.8729541549868886,0.6615727257152647,11059,0.5952525324518789,0.6851908354073639,0.5553822152886115,0.0956989247311828,0.16326530612244897,3720,0.4114351649616571,0.8045487036098457,False
226,xgboost_learning_rate_0.005_max_depth_10_n_estimators_1000,0.005,10,1000,0.3,0.55,24596,0.5663059821715671,0.016247170479069917,0.7526721472356049,0,0.5848918523337128,0.4743162132427194,0.5969095536641005,0.4743162132427194,0.4678863737214316,0.5498434222598617,0.5664347295395644,0.7539131093867729,0.7696137339055794,0.4566568198023836,0.5732003580104846,9817,0.7418289460936045,0.7981573003157871,0.5291694500111334,0.8595713898182475,0.6550666712607243,11059,0.5737020577199745,0.6678683333618003,0.4919454770755886,0.10672043010752688,0.17539209189308594,3720,0.38377318480511424,0.7957136944827317,False
227,xgboost_learning_rate_0.005_max_depth_6_n_estimators_2000,0.005,6,2000,0.3,0.55,24596,0.5787886940031928,0.015636630083830923,0.7612116280183108,0,0.5857049926817368,0.4748630331537882,0.6187340856977456,0.4748630331537882,0.46771790595149515,0.5479511306676026,0.5788071213558023,0.7623933371909496,0.7909919970221477,0.43292248140979933,0.5595786701777485,9817,0.7496412410981267,0.8050903976631204,0.5279553581103045,0.8811827470838232,0.6602974557034929,11059,0.5866165431674691,0.6791038320168514,0.5372549019607843,0.11048387096774194,0.18327759197324414,3720,0.40016357980181094,0.802985781892877,False
228,xgboost_learning_rate_0.05_max_depth_3_n_estimators_500,0.05,3,500,0.3,0.55,24596,0.5838017022749078,0.013133423311344997,0.764201727054004,0,0.5861522198731501,0.4741676065288356,0.6234478390092191,0.4741676065288356,0.46595756772469105,0.5471530538396832,0.5841930339858455,0.7653467647908389,0.8022544898739015,0.42772741163288175,0.5579695701282307,9817,0.7525891939439296,0.8074089624553168,0.5272170925488512,0.8880549778460982,0.6616364065078991,11059,0.5946695519979309,0.6829112659671043,0.5408719346049047,0.10672043010752688,0.17826672653794343,3720,0.4053203560156762,0.8057200659500955,False
229,xgboost_learning_rate_0.005_max_depth_6_n_estimators_1000,0.005,6,1000,0.3,0.55,24596,0.5828798177423018,0.014325491150844092,0.7639147980587104,0,0.5854203935599285,0.4702111636640937,0.6263750917800236,0.4702111636640937,0.4585626679356534,0.5435732662459736,0.5832118123724772,0.7650242424655939,0.8017274472168906,0.42548640114087805,0.5559326545551341,9817,0.7527270546232427,0.8073428910438658,0.5265092982362658,0.8934804231847364,0.6625762757325823,11059,0.5921900390390474,0.6827166774958036,0.5508885298869144,0.09166666666666666,0.15717907351924407,3720,0.40471834345514146,0.8050131588571123,False
230,xgboost_learning_rate_0.005_max_depth_3_n_estimators_2000,0.005,3,2000,0.3,0.55,24596,0.5902477629299525,0.011604977030317511,0.7680238078997552,0,0.584322654090096,0.468108078618604,0.632785845222403,0.468108078618604,0.4549740750348639,0.5408387617876643,0.5906218595717038,0.769050435124945,0.8091482649842271,0.4180503208719568,0.5512794680636711,9817,0.7557426975720481,0.8096917552231618,0.5247493403693931,0.8991771407903065,0.6627345129794395,11059,0.6011662831611141,0.6880250397708683,0.5644599303135889,0.08709677419354839,0.15090824406148112,3720,0.4149565979819489,0.8094345103808046,False
231,xgboost_learning_rate_0.005_max_depth_3_n_estimators_1000,0.005,3,1000,0.42,0.55,24596,0.5903085411077817,0.009733900518105663,0.7676784933529054,0,0.5958692470320377,0.4736059811544214,0.6135893799398066,0.4736059811544214,0.45374438356080127,0.5553035824679056,0.5905076408423882,0.7684751024237101,0.6713631560408595,0.5824589996944076,0.6237591360314171,9817,0.754279408481624,0.8087186320959849,0.5548595292331056,0.7929288362419749,0.6528682574544913,11059,0.6008734325276026,0.688051214461912,0.6145454545454545,0.04543010752688172,0.08460575719649562,3720,0.4163700815179378,0.8086554607132336,False
232,xgboost_learning_rate_0.005_max_depth_10_n_estimators_500,0.005,10,500,0.42,0.55,24596,0.5659174419282198,0.016938964839589416,0.7517275153426238,0,0.582940315498455,0.4671614369482097,0.5676961624845608,0.4671614369482097,0.4511914333876487,0.5468879189030859,0.5664883695464086,0.7531772751862978,0.6343598055105348,0.5980442090251604,0.6156669463087249,9817,0.7390046035480874,0.7971493632204024,0.5529135967849966,0.7464508545076408,0.6352687675555042,11059,0.575203068670062,0.6687691308285204,0.5158150851581509,0.05698924731182796,0.10263858629871701,3720,0.3852574364210764,0.7936133315099708,False
233,xgboost_learning_rate_0.005_max_depth_10_n_estimators_500,0.005,10,500,0.36,0.55,24596,0.5659174419282198,0.016938964839589416,0.7517275153426238,0,0.5875752154821923,0.46743247894090056,0.589234979249069,0.46743247894090056,0.45097466563534483,0.5475010062790076,0.5664883695464086,0.7531772751862978,0.7150354609929078,0.5134969950086584,0.5977352226240588,9817,0.7390046035480874,0.7971493632204024,0.5368543915961482,0.8318111945022154,0.6525501879832588,11059,0.575203068670062,0.6687691308285204,0.5158150851581509,0.05698924731182796,0.10263858629871701,3720,0.3852574364210764,0.7936133315099708,False
234,xgboost_learning_rate_0.005_max_depth_3_n_estimators_1000,0.005,3,1000,0.36,0.55,24596,0.5903085411077817,0.009733900518105663,0.7676784933529054,0,0.5961538461538461,0.47029344321232663,0.6407356668353458,0.47029344321232663,0.44930920212400144,0.5506077704085987,0.5905076408423882,0.7684751024237101,0.7721050088581092,0.48833655903025364,0.5982777985773119,9817,0.754279408481624,0.8087186320959849,0.5355565371024735,0.8771136630798445,0.6650440505981968,11059,0.6008734325276026,0.688051214461912,0.6145454545454545,0.04543010752688172,0.08460575719649562,3720,0.4163700815179378,0.8086554607132336,False
235,xgboost_learning_rate_0.005_max_depth_3_n_estimators_500,0.005,3,500,0.3,0.45,24596,0.5856904151790537,0.006783304047885999,0.7646802691894066,0,0.5726134330785494,0.4595532088663213,0.6318158964164818,0.4595532088663213,0.44465917608221917,0.5252634461097595,0.585267804220579,0.7650229044065839,0.8236359520036224,0.37058164408678823,0.5111704369818744,9817,0.7491157152482008,0.8053291742025422,0.5164295219572116,0.9123790577809928,0.6595417851423342,11059,0.5952525324518789,0.6851908354073639,0.5553822152886115,0.0956989247311828,0.16326530612244897,3720,0.4114351649616571,0.8045487036098457,False
236,xgboost_learning_rate_0.005_max_depth_6_n_estimators_500,0.005,6,500,0.42,0.55,24596,0.5834349791649013,0.012310884477836933,0.7643790716839941,0,0.5881037567084079,0.46455949244091704,0.584999595152872,0.46455949244091704,0.4396938808678084,0.5453118515650444,0.583511190132353,0.7652371906387266,0.6475455663647546,0.5898950799633289,0.6173773987206823,9817,0.7514041682352219,0.807358960884863,0.5541537267080745,0.774482322090605,0.6460494059966057,11059,0.5933902422240781,0.6836289174139101,0.5532994923857868,0.029301075268817204,0.05565483788613735,3720,0.4057391599377589,0.804723693617407,False
237,xgboost_learning_rate_0.005_max_depth_6_n_estimators_500,0.005,6,500,0.36,0.55,24596,0.5834349791649013,0.012310884477836933,0.7643790716839941,0,0.5916002602049114,0.463670068930975,0.6113426966339228,0.463670068930975,0.4378149099251358,0.5438492321067682,0.583511190132353,0.7652371906387266,0.7449602932193036,0.49689314454517675,0.5961503208065995,9817,0.7514041682352219,0.807358960884863,0.5357683042966781,0.8648159869789311,0.6616395710826704,11059,0.5933902422240781,0.6836289174139101,0.5532994923857868,0.029301075268817204,0.05565483788613735,3720,0.4057391599377589,0.804723693617407,False
238,xgboost_learning_rate_0.005_max_depth_10_n_estimators_500,0.005,10,500,0.3,0.55,24596,0.5659174419282198,0.016938964839589416,0.7517275153426238,0,0.5785900146365263,0.45756803091680726,0.6052055888927994,0.45756803091680726,0.43754646512970563,0.5317029165484276,0.5664883695464086,0.7531772751862978,0.7769557980395784,0.42793113985942755,0.5518917498686284,9817,0.7390046035480874,0.7971493632204024,0.5228458834806688,0.8877837055791663,0.6581090592217717,11059,0.575203068670062,0.6687691308285204,0.5158150851581509,0.05698924731182796,0.10263858629871701,3720,0.3852574364210764,0.7936133315099708,False
239,xgboost_learning_rate_0.005_max_depth_3_n_estimators_1000,0.005,3,1000,0.3,0.55,24596,0.5903085411077817,0.009733900518105663,0.7676784933529054,0,0.5806635225239877,0.4556712039137854,0.6505936162304667,0.4556712039137854,0.4300774651933576,0.5275658357445234,0.5905076408423882,0.7684751024237101,0.8159030203410725,0.4045023938066619,0.5408608008716971,9817,0.754279408481624,0.8087186320959849,0.5213323738048731,0.9170811104078126,0.6647658375118802,11059,0.6008734325276026,0.688051214461912,0.6145454545454545,0.04543010752688172,0.08460575719649562,3720,0.4163700815179378,0.8086554607132336,False
240,xgboost_learning_rate_0.005_max_depth_3_n_estimators_500,0.005,3,500,0.42,0.55,24596,0.5856904151790537,0.006783304047885999,0.7646802691894066,0,0.5889982110912343,0.4585996547247164,0.5894951705373643,0.4585996547247164,0.4238065877259189,0.5391207969989047,0.585267804220579,0.7650229044065839,0.6623284429720776,0.5702353061016604,0.612841425365373,9817,0.7491157152482008,0.8053291742025422,0.5506015130844599,0.8028754860294782,0.6532278830237264,11059,0.5952525324518789,0.6851908354073639,0.5555555555555556,0.002688172043010753,0.005350454788657036,3720,0.4114351649616571,0.8045487036098457,False
241,xgboost_learning_rate_0.005_max_depth_6_n_estimators_500,0.005,6,500,0.3,0.55,24596,0.5834349791649013,0.012310884477836933,0.7643790716839941,0,0.5790778988453407,0.45098502857208295,0.6285130017017609,0.45098502857208295,0.42044683881123035,0.5231943171263286,0.583511190132353,0.7652371906387266,0.8114820846905537,0.40603035550575534,0.5412451626043859,9817,0.7514041682352219,0.807358960884863,0.5207574280289424,0.9176236549416764,0.6644405159431677,11059,0.5933902422240781,0.6836289174139101,0.5532994923857868,0.029301075268817204,0.05565483788613735,3720,0.4057391599377589,0.804723693617407,False
242,xgboost_learning_rate_0.005_max_depth_3_n_estimators_500,0.005,3,500,0.36,0.55,24596,0.5856904151790537,0.006783304047885999,0.7646802691894066,0,0.5874125874125874,0.45346207982030534,0.6188885922441093,0.45346207982030534,0.4166128803948068,0.5310781665038069,0.585267804220579,0.7650229044065839,0.7720575783234547,0.4643984924111236,0.5799516600941356,9817,0.7491157152482008,0.8053291742025422,0.5290526428533177,0.8932995750067818,0.6645365263016279,11059,0.5952525324518789,0.6851908354073639,0.5555555555555556,0.002688172043010753,0.005350454788657036,3720,0.4114351649616571,0.8045487036098457,False
243,xgboost_learning_rate_0.005_max_depth_3_n_estimators_500,0.005,3,500,0.3,0.55,24596,0.5856904151790537,0.006783304047885999,0.7646802691894066,0,0.5686697023906326,0.4360548240220468,0.6306710973976256,0.4360548240220468,0.39295091011185135,0.5026342362317225,0.585267804220579,0.7650229044065839,0.8236359520036224,0.37058164408678823,0.5111704369818744,9817,0.7491157152482008,0.8053291742025422,0.5128217846336988,0.9348946559363415,0.6623318385650224,11059,0.5952525324518789,0.6851908354073639,0.5555555555555556,0.002688172043010753,0.005350454788657036,3720,0.4114351649616571,0.8045487036098457,False
