selection_rank,candidate_id,penalty,C,class_weight,weakened_threshold,stopped_threshold,validation_samples,fold_macro_pr_auc_mean,fold_macro_pr_auc_std,fold_macro_roc_auc_mean,maximum_iterations,oof_accuracy,oof_balanced_accuracy,oof_macro_precision,oof_macro_recall,oof_macro_f1,oof_weighted_f1,oof_macro_pr_auc,oof_macro_ovr_roc_auc,oof_retained_precision,oof_retained_recall,oof_retained_f1,oof_retained_support,oof_retained_pr_auc,oof_retained_roc_auc,oof_weakened_precision,oof_weakened_recall,oof_weakened_f1,oof_weakened_support,oof_weakened_pr_auc,oof_weakened_roc_auc,oof_stopped_precision,oof_stopped_recall,oof_stopped_f1,oof_stopped_support,oof_stopped_pr_auc,oof_stopped_roc_auc,selected
1,l1_C0.01_balanced,l1,0.01,balanced,0.36,0.45,24596,0.5795501083631571,0.008099675992605825,0.7577571585438886,78,0.5761912506098552,0.5673542577021482,0.5524904369133611,0.5673542577021482,0.5561615959632548,0.5804291432977426,0.5804025351452574,0.7588111180171278,0.6830289635919506,0.5981460731384334,0.637775605517541,9817,0.7419245805446455,0.8004860694397852,0.568,0.5713898182475812,0.5696898665705012,11059,0.5885793906504888,0.6716131544585385,0.40644234714813293,0.5325268817204301,0.4610193158017221,3720,0.4107036342406381,0.8043341301530595,True
2,l1_C0.1_none,l1,0.1,none,0.42,0.35,24596,0.5821450609482755,0.006076319989659939,0.7617085739149083,68,0.599934948772158,0.5453574742020969,0.5775161585271991,0.5453574742020969,0.5558136948135451,0.5966158570996885,0.5822168712498262,0.7623581204750906,0.6945611577964519,0.6061933380869919,0.64737557791678,9817,0.7420554221308716,0.8010218158137339,0.5654043452021726,0.6777285468848901,0.6164918774419083,11059,0.5926922768353683,0.6808628901549449,0.4725829725829726,0.3521505376344086,0.403573629081947,3720,0.4119029147832388,0.8051896554565926,False
3,l1_C0.03_balanced,l1,0.03,balanced,0.36,0.45,24596,0.5807838226662193,0.006692643849421448,0.7583884850695868,122,0.5750121971052203,0.5682434735303108,0.5518223827669805,0.5682434735303108,0.5556895691901366,0.5795106572459768,0.5813271998480259,0.7592878368281505,0.683927527761543,0.5960069267597026,0.6369475288482473,9817,0.742700187086922,0.800991282081966,0.5681715371392382,0.5678632787774663,0.5680173661360347,11059,0.5890586962314418,0.6717143530215883,0.4033680834001604,0.5408602150537635,0.4621038125861277,3720,0.412222716225714,0.8051578753808973,False
4,l2_C0.1_none,l2,0.1,none,0.42,0.35,24596,0.5822717972088928,0.00576893813419317,0.7617850648717264,115,0.5994064075459424,0.5452568807503397,0.5765480290552351,0.5452568807503397,0.5555427198082358,0.5962151542698284,0.5822371569695791,0.7624022364289208,0.6936046511627907,0.6076194356728125,0.647771081066406,9817,0.7421798272643243,0.8013842160581196,0.5652404392275653,0.6749254001265937,0.6152324431256182,11059,0.5931388352732905,0.6808049498027406,0.4707989967753493,0.3532258064516129,0.40362463523268316,3720,0.4113928083711225,0.8050175434259024,False
5,l2_C0.03_none,l2,0.03,none,0.42,0.35,24596,0.5822498678444673,0.005863386823711832,0.7617057570221293,59,0.5998129777199545,0.5449392215227917,0.5774777388233815,0.5449392215227917,0.5554580749759935,0.5964148039195633,0.582101547037125,0.7623500396843094,0.6946002805049089,0.6053784251808088,0.6469275567408698,9817,0.7419221284927483,0.8012072031237483,0.5651781007605995,0.6786327877746632,0.6167310378831456,11059,0.5930997614515003,0.6808325706646687,0.472654835204636,0.35080645161290325,0.40271563030396546,3720,0.41128275116712615,0.8050103452645112,False
6,l1_C0.3_none,l1,0.3,none,0.42,0.35,24596,0.5824132261226789,0.0057193790616464875,0.7618586944514157,133,0.5994064075459424,0.5451707229885421,0.5764866373772789,0.5451707229885421,0.5554355552638658,0.5962205476050175,0.5823343342790378,0.762464848146356,0.6944055944055944,0.6069063868799022,0.6477143012447681,9817,0.7421531487481658,0.8012590760053027,0.5651187414914537,0.6756487928384122,0.6154606482434826,11059,0.5930376377499241,0.6808864764338973,0.4699355762347888,0.35295698924731184,0.40313171630334665,3720,0.4118122163390234,0.8052489919998681,False
7,l2_C0.3_none,l2,0.3,none,0.42,0.35,24596,0.582262617974212,0.005690691910782053,0.7617527813159851,182,0.5988778663197268,0.5451547382074473,0.5760430852725146,0.5451547382074473,0.5553677162321385,0.5957455621052479,0.5822251958029093,0.7623721257356278,0.6920844939647168,0.6074157074462667,0.6469918081701297,9817,0.7422577040887777,0.8014311470241711,0.565141513013127,0.6734786147029569,0.6145721594190939,11059,0.5930517081426985,0.680757309660716,0.4709032488397001,0.35456989247311826,0.40453918110719217,3720,0.41136617517725166,0.8049279205219967,False
8,l2_C0.01_balanced,l2,0.01,balanced,0.36,0.45,24596,0.58049125359147,0.006867628013936892,0.7580504821921964,30,0.5742803707919987,0.5684297548234695,0.5510492806668988,0.5684297548234695,0.5553333778086952,0.5787107985258484,0.5810009323409919,0.7589991593284929,0.6807347982792699,0.5964143832127942,0.6357910739493974,9817,0.7421511553398755,0.8010584562918555,0.5689042717916022,0.564788859752238,0.5668390961067248,11059,0.588765297694874,0.6710296695951081,0.40350877192982454,0.5440860215053763,0.4633699633699634,3720,0.4120863439882264,0.8049093520985152,False
9,l2_C0.03_balanced,l2,0.03,balanced,0.36,0.45,24596,0.5810045575847274,0.0065104081752458895,0.7584621598906329,57,0.573955114652789,0.5690051565994855,0.5505711830520812,0.5690051565994855,0.5552441421953697,0.5784121843395539,0.5814701596371773,0.7593640760413699,0.6796856944765426,0.5991647142711622,0.6368902604082075,9817,0.7428873661191021,0.8015297440970698,0.5696563131777247,0.5605389275703048,0.5650608449933914,11059,0.5892220735977164,0.6715062714085476,0.4023715415019763,0.5473118279569893,0.46378132118451026,3720,0.41230103919471356,0.8050562126184928,False
10,l2_C1_none,l2,1.0,none,0.42,0.35,24596,0.5822150263582444,0.005715261537429958,0.7617008895591312,256,0.5985526101805172,0.5448427029074375,0.5757111831939131,0.5448427029074375,0.5550494474238888,0.5954110214133724,0.582215740040551,0.7623213335506999,0.6914955331244924,0.607110115106448,0.6465610761553482,9817,0.7422692989218884,0.8014288518249209,0.5649237307429612,0.6731169183470477,0.614292787588711,11059,0.5930146195990714,0.6807071913228571,0.4707142857142857,0.3543010752688172,0.40429447852760736,3720,0.4113633016006932,0.8048279575043216,False
11,l1_C0.3_balanced,l1,0.3,balanced,0.36,0.45,24596,0.5811943852198109,0.006342436062319042,0.758667928679366,86,0.573548544478777,0.5690353849013209,0.5501928913185948,0.5690353849013209,0.5550158802512529,0.5780024137128318,0.5816651756737811,0.7595277161800587,0.6791560986857275,0.6000814912906183,0.637174841814937,9817,0.7431580150519528,0.8016318287700304,0.5693343167988199,0.5583687494348495,0.5637982195845698,11059,0.5892658072622627,0.6717625141859177,0.4020882584712372,0.5486559139784947,0.46407457935425195,3720,0.4125717047071277,0.805188805584228,False
12,l1_C1_none,l1,1.0,none,0.42,0.35,24596,0.582338217694888,0.00567769292972502,0.7617992042920387,296,0.5986745812327208,0.544758547222523,0.5756150127347316,0.544758547222523,0.5549399582293973,0.5955314025644267,0.5822848572891787,0.7624006307021401,0.6924953531598513,0.6072119792197209,0.647055630936228,9817,0.7422814336145833,0.8014059480798497,0.5648744976112838,0.6735690387919342,0.6144518683494185,11059,0.5931052351760168,0.6807784778617922,0.4694751874330596,0.353494623655914,0.4033123754025456,3720,0.4114679030769361,0.8050174661647783,False
13,l2_C0.1_balanced,l2,0.1,balanced,0.36,0.45,24596,0.5811596215427464,0.00638196525810015,0.7586021414405113,113,0.5734672304439746,0.5686297559689839,0.5499800680893909,0.5686297559689839,0.5547295214632808,0.5779579891273424,0.581672752299944,0.7594877328735762,0.6795803066989508,0.600387083630437,0.637533802055165,9817,0.7432244997243572,0.8017665424917922,0.5692165898617512,0.5584591735238268,0.5637865717285134,11059,0.5894266984503209,0.6716797050383185,0.4011433077074709,0.5470430107526881,0.462868190606164,3720,0.41236705872515356,0.805016951090618,False
14,l1_C1_balanced,l1,1.0,balanced,0.36,0.45,24596,0.5813052527668574,0.006328707843721891,0.7586569881057785,275,0.5732232883395674,0.5686196742234895,0.5498855648160436,0.5686196742234895,0.554677947724873,0.5776817507769905,0.5817629445872061,0.7595207335329813,0.6792713857505188,0.6001833554038912,0.637283002541777,9817,0.7433411212280178,0.8018114194957519,0.5685714285714286,0.5578262049009857,0.5631475649276553,11059,0.5894650609969605,0.6717409251591336,0.40181388012618297,0.5478494623655914,0.46360327570518656,3720,0.4124826515366401,0.8050098559440587,False
15,l2_C0.3_balanced,l2,0.3,balanced,0.36,0.45,24596,0.5812074232788265,0.0064282390371591695,0.7586149248452921,172,0.5731826313221662,0.5685933462019288,0.5498013029283564,0.5685933462019288,0.5546144564206181,0.5776447930690033,0.5816986057830408,0.7594880569765016,0.6790735192440654,0.6002852195171641,0.6372533117058664,9817,0.7433306242832384,0.8018397614156232,0.5687540348612008,0.5576453567230311,0.563144918272304,11059,0.5894477331257554,0.6717065844454282,0.40157635467980296,0.5478494623655914,0.4634451392836839,3720,0.4123174599401284,0.8049178250684534,False
16,l1_C0.03_none,l1,0.03,none,0.42,0.35,24596,0.5819891453515743,0.006132456433578194,0.7615015899260377,104,0.6002195478939665,0.543497816823255,0.5786820323959282,0.543497816823255,0.5544686322278208,0.5963408670921728,0.582172045658279,0.7621815846332676,0.6967445152158528,0.6017113171029846,0.6457502049740366,9817,0.7418253223260594,0.8006151313195494,0.5643851940120652,0.6852337462700063,0.6189659397206567,11059,0.5926225027859117,0.6808869306584706,0.47491638795986624,0.3435483870967742,0.3986897519887693,3720,0.41206831186286563,0.8050426919217829,False
17,l1_C0.1_balanced,l1,0.1,balanced,0.36,0.45,24596,0.580996840944222,0.006504276282255491,0.7585683449884089,73,0.5731013172873638,0.568007775063133,0.5497908279204478,0.568007775063133,0.5543993055594458,0.5775620346187217,0.581521400767286,0.7594613193084432,0.6796116504854369,0.5989609860446165,0.6367426498456874,9817,0.7430421371212025,0.8013692662467866,0.5679397723099523,0.5593634144135998,0.5636189695230286,11059,0.5891681623364627,0.6718191386228137,0.4018210609659541,0.5456989247311828,0.4628362973096215,3720,0.4123539028441927,0.805195553055729,False
18,l2_C1_balanced,l2,1.0,balanced,0.36,0.45,24596,0.5811319851861145,0.006450358286067054,0.7585779601749396,261,0.5726134330785494,0.5680448116936219,0.5492586234740491,0.5680448116936219,0.5540473286414734,0.577101447401231,0.5817232283258158,0.7594582901996844,0.6789995389580452,0.6000814912906183,0.6371059319742606,9817,0.7433602552939089,0.8018634026571503,0.5679889298892989,0.556741115833258,0.5623087812228869,11059,0.5894407146125737,0.6716820295993706,0.40078740157480314,0.5473118279569893,0.4627272727272727,3720,0.4123687150709646,0.8048294383425324,False
19,l2_C0.01_none,l2,0.01,none,0.42,0.35,24596,0.5817874567745339,0.006187327128042744,0.7614523805355653,29,0.5994470645633436,0.5428542265303286,0.5778762251121216,0.5428542265303286,0.5537979037445032,0.5955839036457903,0.5818777954753303,0.7621382556012218,0.6954882789492284,0.6014057247631659,0.6450344149459194,9817,0.7413842530492514,0.8008419011409711,0.5637718971300782,0.6838773849353468,0.6180436381466046,11059,0.5928116073003779,0.6807945226768712,0.47436849925705793,0.3432795698924731,0.39831565814098563,3720,0.4114375260763616,0.8047783429858231,False
20,l2_C0.1_balanced,l2,0.1,balanced,0.36,0.55,24596,0.5811596215427464,0.00638196525810015,0.7586021414405113,113,0.5868840461863718,0.5482786525645783,0.5607545588642388,0.5482786525645783,0.5532982394512432,0.5862377868567312,0.581672752299944,0.7594877328735762,0.6606846128281821,0.6075175715595396,0.6329866270430906,9817,0.7432244997243572,0.8017665424917922,0.5694387546087669,0.6284474183922597,0.5974896836313618,11059,0.5894266984503209,0.6716797050383185,0.4521403091557669,0.4088709677419355,0.42941840767927725,3720,0.41236705872515356,0.805016951090618,False
21,l1_C0.3_balanced,l1,0.3,balanced,0.36,0.55,24596,0.5811943852198109,0.006342436062319042,0.758667928679366,86,0.5867620751341681,0.5480982573723715,0.5606097534938664,0.5480982573723715,0.5531155525634776,0.5861145171979256,0.5816651756737811,0.7595277161800587,0.66074994453073,0.6067026586533564,0.6325739472146992,9817,0.7431580150519528,0.8016318287700304,0.569370549234673,0.6289899629261235,0.5976971988314144,11059,0.5892658072622627,0.6717625141859177,0.45170876671619614,0.40860215053763443,0.429075511644319,3720,0.4125717047071277,0.805188805584228,False
22,l2_C0.3_balanced,l2,0.3,balanced,0.36,0.55,24596,0.5812074232788265,0.0064282390371591695,0.7586149248452921,172,0.5865994470645634,0.5480120119932885,0.5604040102657802,0.5480120119932885,0.5529894221368638,0.5860061440295817,0.5816986057830408,0.7594880569765016,0.6616749861342207,0.6076194356728125,0.6334961767204758,9817,0.7433306242832384,0.8018397614156232,0.5686322686322687,0.6278144497694186,0.5967596372856591,11059,0.5894477331257554,0.6717065844454282,0.4509047760308514,0.40860215053763443,0.4287124524044564,3720,0.4123174599401284,0.8049178250684534,False
23,l2_C1_balanced,l2,1.0,balanced,0.36,0.55,24596,0.5811319851861145,0.006450358286067054,0.7585779601749396,261,0.5862335339079525,0.5480189948780702,0.5602685798094317,0.5480189948780702,0.552938434017673,0.5856941922084433,0.5817232283258158,0.7594582901996844,0.6616341030195382,0.607110115106448,0.6332005312084993,9817,0.7433602552939089,0.8018634026571503,0.5679882044560943,0.6270006329686229,0.5960373060557872,11059,0.5894407146125737,0.6716820295993706,0.4511834319526627,0.4099462365591398,0.4295774647887324,3720,0.4123687150709646,0.8048294383425324,False
24,l1_C1_balanced,l1,1.0,balanced,0.36,0.55,24596,0.5813052527668574,0.006328707843721891,0.7586569881057785,275,0.5863961619775573,0.5478498651540308,0.5602788142589828,0.5478498651540308,0.5528438236657175,0.585793143355758,0.5817629445872061,0.7595207335329813,0.6611955195741377,0.6073138433329938,0.6331103323776149,9817,0.7433411212280178,0.8018114194957519,0.5684684684684684,0.627633601591464,0.5965877347543943,11059,0.5894650609969605,0.6717409251591336,0.45117245473434253,0.40860215053763443,0.4288334038651432,3720,0.4124826515366401,0.8050098559440587,False
25,l1_C0.03_balanced,l1,0.03,balanced,0.36,0.55,24596,0.5807838226662193,0.006692643849421448,0.7583884850695868,122,0.5873719303951862,0.5466406063967687,0.5617389861151961,0.5466406063967687,0.5525475203657312,0.58631141225548,0.5813271998480259,0.7592878368281505,0.6609753375739315,0.6033411429153509,0.6308446053892853,9817,0.742700187086922,0.800991282081966,0.5690017796473062,0.6360430418663532,0.6006575295674822,11059,0.5890586962314418,0.6717143530215883,0.45523984112435073,0.40053763440860213,0.42614042614042613,3720,0.412222716225714,0.8051578753808973,False
26,l2_C0.03_balanced,l2,0.03,balanced,0.36,0.55,24596,0.5810045575847274,0.0065104081752458895,0.7584621598906329,57,0.5864368189949585,0.5472434160435267,0.5601528509298316,0.5472434160435267,0.5524182170652563,0.5856688595529429,0.5814701596371773,0.7593640760413699,0.6592444887559543,0.6061933380869919,0.6316068775206962,9817,0.7428873661191021,0.8015297440970698,0.5695239653198102,0.6296229315489646,0.5980674253811467,11059,0.5892220735977164,0.6715062714085476,0.45169009871373017,0.40591397849462363,0.4275803482939261,3720,0.41230103919471356,0.8050562126184928,False
27,l1_C0.1_balanced,l1,0.1,balanced,0.36,0.55,24596,0.580996840944222,0.006504276282255491,0.7585683449884089,73,0.5861928768905513,0.5472295209566004,0.5600977662505032,0.5472295209566004,0.5523823963535609,0.5854730301403213,0.581521400767286,0.7594613193084432,0.6597160603371783,0.6058877457471733,0.6316571974725217,9817,0.7430421371212025,0.8013692662467866,0.5688005886681383,0.6290803870151008,0.5974237870330614,11059,0.5891681623364627,0.6718191386228137,0.4517766497461929,0.4067204301075269,0.42806620455509975,3720,0.4123539028441927,0.805195553055729,False
28,l1_C0.01_none,l1,0.01,none,0.42,0.35,24596,0.5797253614600522,0.008076054617060398,0.7604022695095017,128,0.6001382338591641,0.5398178341018839,0.5788178577630236,0.5398178341018839,0.5513643837540355,0.5952832177584021,0.5806320789606018,0.7612002952615877,0.6956675300211914,0.6019150453295304,0.6454044017257387,9817,0.7414330518517454,0.8001591861976118,0.5633439090976168,0.6903879193417126,0.6204290589956118,11059,0.5910451882105415,0.6799997165104279,0.4774421341702628,0.3271505376344086,0.3882596905407561,3720,0.40941799681951824,0.8034419830767234,False
29,l2_C0.01_balanced,l2,0.01,balanced,0.36,0.55,24596,0.58049125359147,0.006867628013936892,0.7580504821921964,30,0.5857049926817368,0.5448483002106518,0.5596452128771726,0.5448483002106518,0.5507172931206276,0.5845457567892688,0.5810009323409919,0.7589991593284929,0.6560875815547937,0.6043597840480799,0.6291622481442206,9817,0.7421511553398755,0.8010584562918555,0.5688603270153746,0.6323356542182837,0.5989208633093526,11059,0.588765297694874,0.6710296695951081,0.4539877300613497,0.3978494623655914,0.42406876790830944,3720,0.4120863439882264,0.8049093520985152,False
30,l1_C0.01_balanced,l1,0.01,balanced,0.36,0.55,24596,0.5795501083631571,0.008099675992605825,0.7577571585438886,78,0.586924703203773,0.5422380655739953,0.5606626941884366,0.5422380655739953,0.5493079418250283,0.5850551750519644,0.5804025351452574,0.7588111180171278,0.6566916961130742,0.6057858816339003,0.6302124728448047,9817,0.7419245805446455,0.8004860694397852,0.5687047465808528,0.6392078849805588,0.6018987611222274,11059,0.5885793906504888,0.6716131544585385,0.4565916398713826,0.3817204301075269,0.4158125915080527,3720,0.4107036342406381,0.8043341301530595,False
31,l2_C0.3_none,l2,0.3,none,0.36,0.35,24596,0.582262617974212,0.005690691910782053,0.7617527813159851,182,0.5925760286225402,0.5364178049772534,0.5903490121177476,0.5364178049772534,0.5463910484414998,0.5859926992513911,0.5822251958029093,0.7623721257356278,0.7537324919193474,0.4988285626973617,0.6003432634547015,9817,0.7422577040887777,0.8014311470241711,0.5464112955941953,0.7558549597612804,0.6342907007626057,11059,0.5930517081426985,0.680757309660716,0.4709032488397001,0.35456989247311826,0.40453918110719217,3720,0.41136617517725166,0.8049279205219967,False
32,l2_C1_none,l2,1.0,none,0.36,0.35,24596,0.5822150263582444,0.005715261537429958,0.7617008895591312,256,0.5925760286225402,0.5363659672883426,0.5903281658939052,0.5363659672883426,0.5463536459051966,0.5860047404417398,0.582215740040551,0.7623213335506999,0.7539242843951985,0.4990322909239075,0.6005516395954643,9817,0.7422692989218884,0.8014288518249209,0.5463459275722317,0.7557645356723031,0.6342148195925181,11059,0.5930146195990714,0.6807071913228571,0.4707142857142857,0.3543010752688172,0.40429447852760736,3720,0.4113633016006932,0.8048279575043216,False
33,l1_C1_none,l1,1.0,none,0.36,0.35,24596,0.582338217694888,0.00567769292972502,0.7617992042920387,296,0.5923727435355343,0.5360483073823522,0.5897580132738011,0.5360483073823522,0.5459963936611084,0.585812193937311,0.5822848572891787,0.7624006307021401,0.7534583461420228,0.4993378832637262,0.6006248851314097,9817,0.7422814336145833,0.8014059480798497,0.5463405062463209,0.7553124152274165,0.63405192044937,11059,0.5931052351760168,0.6807784778617922,0.4694751874330596,0.353494623655914,0.4033123754025456,3720,0.4114679030769361,0.8050174661647783,False
34,l2_C0.1_none,l2,0.1,none,0.36,0.35,24596,0.5822717972088928,0.00576893813419317,0.7617850648717264,115,0.5921694584485282,0.5358000027812969,0.5899922598716283,0.5358000027812969,0.5458101694988406,0.5855092878654191,0.5822371569695791,0.7624022364289208,0.7531947652040031,0.49831924213099726,0.5998038254046101,9817,0.7421798272643243,0.8013842160581196,0.5459830176355324,0.7558549597612804,0.6340020478592286,11059,0.5931388352732905,0.6808049498027406,0.4707989967753493,0.3532258064516129,0.40362463523268316,3720,0.4113928083711225,0.8050175434259024,False
35,l1_C0.3_none,l1,0.3,none,0.36,0.35,24596,0.5824132261226789,0.0057193790616464875,0.7618586944514157,133,0.5916409172223126,0.5353448873491887,0.5893957435981084,0.5353448873491887,0.5453424106440096,0.5850353199683352,0.5823343342790378,0.762464848146356,0.7528089887640449,0.49821737801772437,0.5996076989089126,9817,0.7421531487481658,0.8012590760053027,0.5454426657954917,0.75486029478253,0.6332878167197694,11059,0.5930376377499241,0.6808864764338973,0.4699355762347888,0.35295698924731184,0.40313171630334665,3720,0.4118122163390234,0.8052489919998681,False
36,l1_C0.1_none,l1,0.1,none,0.36,0.35,24596,0.5821450609482755,0.006076319989659939,0.7617085739149083,68,0.5916409172223126,0.5351245474781144,0.59002473297014,0.5351245474781144,0.5452601928960544,0.5848421261458262,0.5822168712498262,0.7623581204750906,0.7522737783258825,0.49709687277172254,0.5986261040235525,9817,0.7420554221308716,0.8010218158137339,0.5452174480015648,0.7561262320282123,0.633580845582664,11059,0.5926922768353683,0.6808628901549449,0.4725829725829726,0.3521505376344086,0.403573629081947,3720,0.4119029147832388,0.8051896554565926,False
37,l2_C0.03_none,l2,0.03,none,0.36,0.35,24596,0.5822498678444673,0.005863386823711832,0.7617057570221293,59,0.5918848593267197,0.534958500358582,0.590551228624314,0.534958500358582,0.5450829187093527,0.5848858227965973,0.582101547037125,0.7623500396843094,0.7536388974914834,0.4957726392991749,0.5980952380952381,9817,0.7419221284927483,0.8012072031237483,0.5453599531768225,0.7582964101636676,0.6344378877288546,11059,0.5930997614515003,0.6808325706646687,0.472654835204636,0.35080645161290325,0.40271563030396546,3720,0.41128275116712615,0.8050103452645112,False
38,l1_C0.03_none,l1,0.03,none,0.36,0.35,24596,0.5819891453515743,0.006132456433578194,0.7615015899260377,104,0.5912750040657018,0.5327597482428025,0.5909318932348747,0.5327597482428025,0.5431010186793631,0.5835546709389234,0.582172045658279,0.7621815846332676,0.7535101404056163,0.4920036671080778,0.5953041227583656,9817,0.7418253223260594,0.8006151313195494,0.5443691513391417,0.7627271905235554,0.6353091812909543,11059,0.5926225027859117,0.6808869306584706,0.47491638795986624,0.3435483870967742,0.3986897519887693,3720,0.41206831186286563,0.8050426919217829,False
39,l1_C1_balanced,l1,1.0,balanced,0.3,0.45,24596,0.5813052527668574,0.006328707843721891,0.7586569881057785,275,0.5634249471458774,0.5559368475676347,0.5690438540418572,0.5559368475676347,0.5430375326222966,0.5652677885549673,0.5817629445872061,0.7595207335329813,0.7694028566511788,0.4554344504431089,0.5721781417967751,9817,0.7433411212280178,0.8018114194957519,0.5359148253482098,0.6645266298942039,0.5933311803649282,11059,0.5894650609969605,0.6717409251591336,0.40181388012618297,0.5478494623655914,0.46360327570518656,3720,0.4124826515366401,0.8050098559440587,False
40,l2_C0.3_balanced,l2,0.3,balanced,0.3,0.45,24596,0.5812074232788265,0.0064282390371591695,0.7586149248452921,172,0.5633842901284761,0.5559105195460742,0.5689503072991099,0.5559105195460742,0.5429891608355087,0.5652469616228134,0.5816986057830408,0.7594880569765016,0.7693101668673662,0.45553631455638177,0.5722328854766475,9817,0.7433306242832384,0.8018397614156232,0.5359644003501605,0.6643457817162493,0.5932894577461946,11059,0.5894477331257554,0.6717065844454282,0.40157635467980296,0.5478494623655914,0.4634451392836839,3720,0.4123174599401284,0.8049178250684534,False
41,l2_C0.01_none,l2,0.01,none,0.36,0.35,24596,0.5817874567745339,0.006187327128042744,0.7614523805355653,29,0.5908684338916897,0.5323416701196256,0.59090872511523,0.5323416701196256,0.542641638364412,0.5830863498746549,0.5818777954753303,0.7621382556012218,0.7545839210155149,0.49047570540898444,0.5945178417088529,9817,0.7413842530492514,0.8008419011409711,0.5437737550731173,0.7632697350574194,0.6350914152433977,11059,0.5928116073003779,0.6807945226768712,0.47436849925705793,0.3432795698924731,0.39831565814098563,3720,0.4114375260763616,0.8047783429858231,False
42,l2_C1_balanced,l2,1.0,balanced,0.3,0.45,24596,0.5811319851861145,0.006450358286067054,0.7585779601749396,261,0.5629777199544641,0.5554863638311688,0.5685870725766042,0.5554863638311688,0.5425671362363851,0.5648946646713896,0.5817232283258158,0.7594582901996844,0.7694028566511788,0.4554344504431089,0.5721781417967751,9817,0.7433602552939089,0.8018634026571503,0.5355709595038307,0.6637128130934081,0.5927959941851074,11059,0.5894407146125737,0.6716820295993706,0.40078740157480314,0.5473118279569893,0.4627272727272727,3720,0.4123687150709646,0.8048294383425324,False
43,l1_C0.1_balanced,l1,0.1,balanced,0.3,0.45,24596,0.580996840944222,0.006504276282255491,0.7585683449884089,73,0.5630183769718653,0.5551063321834675,0.5688661089715379,0.5551063321834675,0.5424276432764775,0.564729386807415,0.581521400767286,0.7594613193084432,0.7695096685082873,0.45400835285728836,0.571080786725607,9817,0.7430421371212025,0.8013692662467866,0.5352675974403723,0.6656117189619315,0.5933658457942041,11059,0.5891681623364627,0.6718191386228137,0.4018210609659541,0.5456989247311828,0.4628362973096215,3720,0.4123539028441927,0.805195553055729,False
44,l2_C0.1_balanced,l2,0.1,balanced,0.3,0.45,24596,0.5811596215427464,0.00638196525810015,0.7586021414405113,113,0.5627744348674582,0.5552228058643859,0.5686460324914081,0.5552228058643859,0.5423100060246686,0.5645611921413477,0.581672752299944,0.7594877328735762,0.7695096685082873,0.45400835285728836,0.571080786725607,9817,0.7432244997243572,0.8017665424917922,0.5352851212584663,0.6646170539831812,0.5929810407422348,11059,0.5894266984503209,0.6716797050383185,0.4011433077074709,0.5470430107526881,0.462868190606164,3720,0.41236705872515356,0.805016951090618,False
45,l2_C1_balanced,l2,1.0,balanced,0.3,0.55,24596,0.5811319851861145,0.006450358286067054,0.7585779601749396,261,0.5800130102455684,0.5377521809967741,0.5853420329701232,0.5377521809967741,0.5422657150162059,0.5743794360951566,0.5817232283258158,0.7594582901996844,0.7676611796982168,0.45604563512274626,0.572177135919228,9817,0.7433602552939089,0.8018634026571503,0.5371814872594903,0.7472646713084365,0.6250425443406573,11059,0.5894407146125737,0.6716820295993706,0.4511834319526627,0.4099462365591398,0.4295774647887324,3720,0.4123687150709646,0.8048294383425324,False
46,l1_C0.3_balanced,l1,0.3,balanced,0.3,0.45,24596,0.5811943852198109,0.006342436062319042,0.758667928679366,86,0.5624085217108473,0.555296879803806,0.5680997832874383,0.555296879803806,0.5422262430198976,0.5641334760555505,0.5816651756737811,0.7595277161800587,0.7671374440234241,0.4537027605174697,0.5701849836779108,9817,0.7431580150519528,0.8016318287700304,0.5350736473676535,0.6635319649154535,0.59241916602753,11059,0.5892658072622627,0.6717625141859177,0.4020882584712372,0.5486559139784947,0.46407457935425195,3720,0.4125717047071277,0.805188805584228,False
47,l1_C1_balanced,l1,1.0,balanced,0.3,0.55,24596,0.5813052527668574,0.006328707843721891,0.7586569881057785,275,0.5800130102455684,0.5374548591379013,0.5852864539596835,0.5374548591379013,0.5420527560205205,0.5743160408715776,0.5817629445872061,0.7595207335329813,0.7675295731184639,0.45604563512274626,0.5721405750798721,9817,0.7433411212280178,0.8018114194957519,0.537157334026244,0.7477167917533231,0.6251842891165463,11059,0.5894650609969605,0.6717409251591336,0.45117245473434253,0.40860215053763443,0.4288334038651432,3720,0.4124826515366401,0.8050098559440587,False
48,l2_C0.3_balanced,l2,0.3,balanced,0.3,0.55,24596,0.5812074232788265,0.0064282390371591695,0.7586149248452921,172,0.5800130102455684,0.5374586724793331,0.5851915399115517,0.5374586724793331,0.5420369734373728,0.5743280811205483,0.5816986057830408,0.7594880569765016,0.7674378748928877,0.45614749923601916,0.5721952466138512,9817,0.7433306242832384,0.8018397614156232,0.5372319688109162,0.7476263676643458,0.6252032212938108,11059,0.5894477331257554,0.6717065844454282,0.4509047760308514,0.40860215053763443,0.4287124524044564,3720,0.4123174599401284,0.8049178250684534,False
49,l2_C0.1_balanced,l2,0.1,balanced,0.3,0.55,24596,0.5811596215427464,0.00638196525810015,0.7586021414405113,113,0.579931696210766,0.5374044673450767,0.5856697335693353,0.5374044673450767,0.5419923224528298,0.5741069989205135,0.581672752299944,0.7594877328735762,0.7679339411663513,0.45472140165019864,0.5712092130518234,9817,0.7432244997243572,0.8017665424917922,0.5369349503858876,0.7486210326430961,0.6253493466273887,11059,0.5894266984503209,0.6716797050383185,0.4521403091557669,0.4088709677419355,0.42941840767927725,3720,0.41236705872515356,0.805016951090618,False
50,l2_C0.03_balanced,l2,0.03,balanced,0.3,0.45,24596,0.5810045575847274,0.0065104081752458895,0.7584621598906329,57,0.5623272076760449,0.5547867415616736,0.569140499379138,0.5547867415616736,0.5417688218570617,0.5637212187596905,0.5814701596371773,0.7593640760413699,0.7704660499214523,0.44962819598655396,0.5678631159140615,9817,0.7428873661191021,0.8015297440970698,0.5345839067139857,0.6674202007414776,0.5936620284726132,11059,0.5892220735977164,0.6715062714085476,0.4023715415019763,0.5473118279569893,0.46378132118451026,3720,0.41230103919471356,0.8050562126184928,False
51,l1_C0.1_balanced,l1,0.1,balanced,0.3,0.55,24596,0.580996840944222,0.006504276282255491,0.7585683449884089,73,0.5800130102455684,0.5370004751211604,0.5855680305387655,0.5370004751211604,0.5417104107677465,0.5741182078107879,0.581521400767286,0.7594613193084432,0.7679216090768437,0.45502699399001734,0.571446846616349,9817,0.7430421371212025,0.8013692662467866,0.5370058327932599,0.7492540012659372,0.6256181811317906,11059,0.5891681623364627,0.6718191386228137,0.4517766497461929,0.4067204301075269,0.42806620455509975,3720,0.4123539028441927,0.805195553055729,False
52,l1_C0.03_balanced,l1,0.03,balanced,0.3,0.45,24596,0.5807838226662193,0.006692643849421448,0.7583884850695868,122,0.5628557489022605,0.553724740967962,0.5698716756601816,0.553724740967962,0.5416030138106555,0.5640048507329046,0.5813271998480259,0.7592878368281505,0.7720742817098809,0.44891514719364367,0.5677294685990338,9817,0.742700187086922,0.800991282081966,0.5341726618705036,0.6713988606564789,0.5949757602468048,11059,0.5890586962314418,0.6717143530215883,0.4033680834001604,0.5408602150537635,0.4621038125861277,3720,0.412222716225714,0.8051578753808973,False
53,l1_C0.3_balanced,l1,0.3,balanced,0.3,0.55,24596,0.5811943852198109,0.006342436062319042,0.758667928679366,86,0.5793218409497479,0.5368814425041201,0.5846755071593991,0.5368814425041201,0.541420824218264,0.5734836111216687,0.5816651756737811,0.7595277161800587,0.7655740518276987,0.45441580931037995,0.5703144975709538,9817,0.7431580150519528,0.8016318287700304,0.5367437029343027,0.7476263676643458,0.6248724634395193,11059,0.5892658072622627,0.6717625141859177,0.45170876671619614,0.40860215053763443,0.429075511644319,3720,0.4125717047071277,0.805188805584228,False
54,l2_C0.01_balanced,l2,0.01,balanced,0.3,0.45,24596,0.58049125359147,0.006867628013936892,0.7580504821921964,30,0.5615140673280208,0.553241541354618,0.569800023302519,0.553241541354618,0.540497293160755,0.5623428519454136,0.5810009323409919,0.7589991593284929,0.7729451446831174,0.4435163491901803,0.5636245954692557,9817,0.7421511553398755,0.8010584562918555,0.5329461532946154,0.6721222533682973,0.5944973206430457,11059,0.588765297694874,0.6710296695951081,0.40350877192982454,0.5440860215053763,0.4633699633699634,3720,0.4120863439882264,0.8049093520985152,False
55,l2_C0.03_balanced,l2,0.03,balanced,0.3,0.55,24596,0.5810045575847274,0.0065104081752458895,0.7584621598906329,57,0.5790372418279395,0.5359270889295843,0.585520207373109,0.5359270889295843,0.5404617527815199,0.5727503227591613,0.5814701596371773,0.7593640760413699,0.7687760778859527,0.4504431088927371,0.5680518980024407,9817,0.7428873661191021,0.8015297440970698,0.5360944455196439,0.7514241794013925,0.6257530120481928,11059,0.5892220735977164,0.6715062714085476,0.45169009871373017,0.40591397849462363,0.4275803482939261,3720,0.41230103919471356,0.8050562126184928,False
56,l1_C0.03_balanced,l1,0.03,balanced,0.3,0.55,24596,0.5807838226662193,0.006692643849421448,0.7583884850695868,122,0.5797690681411611,0.5352422126136377,0.5868444587287772,0.5352422126136377,0.54027134338848,0.5729603976395862,0.5813271998480259,0.7592878368281505,0.7690430538609029,0.44942446776000816,0.5673138742445674,9817,0.742700187086922,0.800991282081966,0.5362504812010779,0.7557645356723031,0.6273597297804466,11059,0.5890586962314418,0.6717143530215883,0.45523984112435073,0.40053763440860213,0.42614042614042613,3720,0.412222716225714,0.8051578753808973,False
57,l1_C0.01_balanced,l1,0.01,balanced,0.3,0.45,24596,0.5795501083631571,0.008099675992605825,0.7577571585438886,78,0.5619206375020328,0.5507648131951869,0.5718273701759079,0.5507648131951869,0.5394886841478755,0.5618633565378182,0.5804025351452574,0.7588111180171278,0.777697320782042,0.4376082306203524,0.5600677921908611,9817,0.7419245805446455,0.8004860694397852,0.5313424425975489,0.682159327244778,0.5973789444510432,11059,0.5885793906504888,0.6716131544585385,0.40644234714813293,0.5325268817204301,0.4610193158017221,3720,0.4107036342406381,0.8043341301530595,False
58,l1_C0.01_none,l1,0.01,none,0.36,0.35,24596,0.5797253614600522,0.008076054617060398,0.7604022695095017,128,0.5900146365262644,0.5279272920701247,0.5918366230614054,0.5279272920701247,0.5385929751600601,0.5808127876025626,0.5806320789606018,0.7612002952615877,0.7562370888288574,0.48477131506570237,0.5908131595282433,9817,0.7414330518517454,0.8001591861976118,0.5418306461850958,0.7718600235102632,0.6367060754111812,11059,0.5910451882105415,0.6799997165104279,0.4774421341702628,0.3271505376344086,0.3882596905407561,3720,0.40941799681951824,0.8034419830767234,False
59,l2_C0.01_balanced,l2,0.01,balanced,0.3,0.55,24596,0.58049125359147,0.006867628013936892,0.7580504821921964,30,0.5783054155147178,0.5333794394394348,0.5864271606647007,0.5333794394394348,0.538285665221678,0.5710763156585895,0.5810009323409919,0.7589991593284929,0.7706162811230797,0.4445349903229092,0.5638242894056847,9817,0.7421511553398755,0.8010584562918555,0.5346774708096727,0.7577538656298037,0.6269639383510399,11059,0.588765297694874,0.6710296695951081,0.4539877300613497,0.3978494623655914,0.42406876790830944,3720,0.4120863439882264,0.8049093520985152,False
60,l2_C1_balanced,l2,1.0,balanced,0.42,0.45,24596,0.5811319851861145,0.006450358286067054,0.7585779601749396,261,0.5602536997885835,0.5642472087385536,0.535781814439697,0.5642472087385536,0.5365057341219912,0.5521642104009208,0.5817232283258158,0.7594582901996844,0.5972665520910058,0.7434042986655801,0.6623706661826103,9817,0.7433602552939089,0.8018634026571503,0.6092914896532822,0.4020254995930916,0.48441926345609065,11059,0.5894407146125737,0.6716820295993706,0.40078740157480314,0.5473118279569893,0.4627272727272727,3720,0.4123687150709646,0.8048294383425324,False
61,l1_C0.3_balanced,l1,0.3,balanced,0.42,0.45,24596,0.5811943852198109,0.006342436062319042,0.758667928679366,86,0.5600097576841763,0.5644170691995182,0.5360186457938089,0.5644170691995182,0.5363634455918338,0.5515940779844873,0.5816651756737811,0.7595277161800587,0.5955852406939807,0.7448303962514007,0.6618991581424821,9817,0.7431580150519528,0.8016318287700304,0.6103824382162087,0.399764897368659,0.4831165992787673,11059,0.5892658072622627,0.6717625141859177,0.4020882584712372,0.5486559139784947,0.46407457935425195,3720,0.4125717047071277,0.805188805584228,False
62,l2_C0.3_balanced,l2,0.3,balanced,0.42,0.45,24596,0.5812074232788265,0.0064282390371591695,0.7586149248452921,172,0.5596438445275654,0.5639025770129208,0.5354618499846434,0.5639025770129208,0.5360724764551176,0.5514157230375331,0.5816986057830408,0.7594880569765016,0.5958506901903128,0.7430987063257615,0.6613780598368088,9817,0.7433306242832384,0.8018397614156232,0.6089585050838142,0.40075956234740934,0.4833942302448601,11059,0.5894477331257554,0.6717065844454282,0.40157635467980296,0.5478494623655914,0.4634451392836839,3720,0.4123174599401284,0.8049178250684534,False
63,l1_C1_balanced,l1,1.0,balanced,0.42,0.45,24596,0.5813052527668574,0.006328707843721891,0.7586569881057785,275,0.559562530492763,0.5638537343112314,0.5353916587060193,0.5638537343112314,0.5359992235836496,0.5512665930361738,0.5817629445872061,0.7595207335329813,0.5957551020408163,0.7434042986655801,0.6614401595142068,9817,0.7433411212280178,0.8018114194957519,0.6086059939510585,0.4003074419025228,0.48295423553155514,11059,0.5894650609969605,0.6717409251591336,0.40181388012618297,0.5478494623655914,0.46360327570518656,3720,0.4124826515366401,0.8050098559440587,False
64,l2_C0.03_balanced,l2,0.03,balanced,0.42,0.45,24596,0.5810045575847274,0.0065104081752458895,0.7584621598906329,57,0.559359245405757,0.56364511221563,0.5354538769671963,0.56364511221563,0.5356785173159555,0.5507908699593976,0.5814701596371773,0.7593640760413699,0.594392523364486,0.7450341244779464,0.6612422023325196,9817,0.7428873661191021,0.8015297440970698,0.6095975660351265,0.39858938421195406,0.4820120284308365,11059,0.5892220735977164,0.6715062714085476,0.4023715415019763,0.5473118279569893,0.46378132118451026,3720,0.41230103919471356,0.8050562126184928,False
65,l2_C0.1_balanced,l2,0.1,balanced,0.42,0.45,24596,0.5811596215427464,0.00638196525810015,0.7586021414405113,113,0.5592372743535534,0.5634418369748319,0.5351289599253892,0.5634418369748319,0.5355482635468961,0.5508942038975094,0.581672752299944,0.7594877328735762,0.595092524659656,0.7436080268921259,0.6611121173700416,9817,0.7432244997243572,0.8017665424917922,0.6091510474090408,0.3996744732796817,0.48266448266448264,11059,0.5894266984503209,0.6716797050383185,0.4011433077074709,0.5470430107526881,0.462868190606164,3720,0.41236705872515356,0.805016951090618,False
66,l1_C0.1_balanced,l1,0.1,balanced,0.42,0.45,24596,0.580996840944222,0.006504276282255491,0.7585683449884089,73,0.5593999024231583,0.5633642274451571,0.5353924103783729,0.5633642274451571,0.5354476635299904,0.5507383900901475,0.581521400767286,0.7594613193084432,0.5943533993185137,0.7462564938372211,0.6616989567809239,9817,0.7430421371212025,0.8013692662467866,0.6100027708506511,0.39813726376706754,0.4818077364994255,11059,0.5891681623364627,0.6718191386228137,0.4018210609659541,0.5456989247311828,0.4628362973096215,3720,0.4123539028441927,0.805195553055729,False
67,l1_C0.01_balanced,l1,0.01,balanced,0.3,0.55,24596,0.5795501083631571,0.008099675992605825,0.7577571585438886,78,0.5779801593755082,0.5293225790359487,0.5879505519787959,0.5293225790359487,0.5349272828776978,0.5692367731454703,0.5804025351452574,0.7588111180171278,0.7738973897389739,0.4379138229601711,0.5593286494925839,9817,0.7419245805446455,0.8004860694397852,0.533362626326031,0.7683334840401483,0.6296406076324564,11059,0.5885793906504888,0.6716131544585385,0.4565916398713826,0.3817204301075269,0.4158125915080527,3720,0.4107036342406381,0.8043341301530595,False
68,l2_C0.01_balanced,l2,0.01,balanced,0.42,0.45,24596,0.58049125359147,0.006867628013936892,0.7580504821921964,30,0.5587087331273378,0.5625102914093657,0.5350492736952978,0.5625102914093657,0.534816330521852,0.5497951564881995,0.5810009323409919,0.7589991593284929,0.5919405636760074,0.7466639502903127,0.6603603603603604,9817,0.7421511553398755,0.8010584562918555,0.6096984854800611,0.396780902432408,0.48071866783523226,11059,0.588765297694874,0.6710296695951081,0.40350877192982454,0.5440860215053763,0.4633699633699634,3720,0.4120863439882264,0.8049093520985152,False
69,l1_C0.03_balanced,l1,0.03,balanced,0.36,0.35,24596,0.5807838226662193,0.006692643849421448,0.7583884850695868,122,0.5438282647584973,0.5771701481370769,0.5357744180065546,0.5771701481370769,0.5344175932567363,0.5510966586346862,0.5813271998480259,0.7592878368281505,0.6953021746966238,0.5894876235102373,0.6380374862183021,9817,0.742700187086922,0.800991282081966,0.5651100134710373,0.4551948639117461,0.5042319827715731,11059,0.5890586962314418,0.6717143530215883,0.3469110658520027,0.6868279569892473,0.4609833107803338,3720,0.412222716225714,0.8051578753808973,False
70,l1_C0.01_balanced,l1,0.01,balanced,0.36,0.35,24596,0.5795501083631571,0.008099675992605825,0.7577571585438886,78,0.5437469507236949,0.5765991152048471,0.5351771343024909,0.5765991152048471,0.5341505631353667,0.5508712017397618,0.5804025351452574,0.7588111180171278,0.6936947695247194,0.591728634002241,0.6386674729261723,9817,0.7419245805446455,0.8004860694397852,0.5648700348824125,0.4539289266660638,0.5033590694876166,11059,0.5885793906504888,0.6716131544585385,0.34696659850034084,0.6841397849462365,0.4604251469923112,3720,0.4107036342406381,0.8043341301530595,False
71,l1_C0.1_balanced,l1,0.1,balanced,0.36,0.35,24596,0.580996840944222,0.006504276282255491,0.7585683449884089,73,0.543177752480078,0.5775272990577446,0.5347805883157084,0.5775272990577446,0.5338491779119331,0.5499373173372234,0.581521400767286,0.7594613193084432,0.690473365761063,0.5928491392482429,0.6379480434067741,9817,0.7430421371212025,0.8013692662467866,0.5662719198360282,0.44967899448413057,0.5012852174789577,11059,0.5891681623364627,0.6718191386228137,0.34759647935003385,0.6900537634408602,0.46231427285006754,3720,0.4123539028441927,0.805195553055729,False
72,l2_C0.01_balanced,l2,0.01,balanced,0.36,0.35,24596,0.58049125359147,0.006867628013936892,0.7580504821921964,30,0.5430557814278745,0.5766858842523149,0.535077604896041,0.5766858842523149,0.5336723640808576,0.5502727403378961,0.5810009323409919,0.7589991593284929,0.6933413317336533,0.5886727106040542,0.6367342441604231,9817,0.7421511553398755,0.8010584562918555,0.5655553052489299,0.45401935075504113,0.5036866128304158,11059,0.588765297694874,0.6710296695951081,0.34633617770553976,0.6873655913978495,0.46059623525173377,3720,0.4120863439882264,0.8049093520985152,False
73,l1_C0.03_balanced,l1,0.03,balanced,0.42,0.45,24596,0.5807838226662193,0.006692643849421448,0.7583884850695868,122,0.5577329647097089,0.561161033089185,0.5342605694434673,0.561161033089185,0.5334625038833455,0.5483697613081305,0.5813271998480259,0.7592878368281505,0.5897497593840231,0.7490068248955892,0.6599057662104555,9817,0.742700187086922,0.800991282081966,0.6096638655462185,0.39361605931820237,0.4783779328534535,11059,0.5890586962314418,0.6717143530215883,0.4033680834001604,0.5408602150537635,0.4621038125861277,3720,0.412222716225714,0.8051578753808973,False
74,l1_C0.3_none,l1,0.3,none,0.42,0.45,24596,0.5824132261226789,0.0057193790616464875,0.7618586944514157,133,0.6045291917384941,0.5215074349900236,0.5927779654919251,0.5215074349900236,0.5331891055881739,0.5914577980244724,0.5823343342790378,0.762464848146356,0.6937041778191552,0.6072119792197209,0.6475828354155351,9817,0.7421531487481658,0.8012590760053027,0.5602920723226704,0.7285468848901347,0.6334368489327411,11059,0.5930376377499241,0.6808864764338973,0.5243376463339495,0.22876344086021505,0.31854763241624556,3720,0.4118122163390234,0.8052489919998681,False
75,l1_C0.3_balanced,l1,0.3,balanced,0.36,0.35,24596,0.5811943852198109,0.006342436062319042,0.758667928679366,86,0.5426492112538625,0.5765598843282563,0.5339749066450626,0.5765598843282563,0.5331536277378998,0.5493723593263035,0.5816651756737811,0.7595277161800587,0.6887785266643017,0.5933584598146073,0.6375177848309073,9817,0.7431580150519528,0.8016318287700304,0.5661991105029079,0.44895560177231214,0.5008069396812588,11059,0.5892658072622627,0.6717625141859177,0.3469470827679783,0.6873655913978495,0.4611361587015329,3720,0.4125717047071277,0.805188805584228,False
76,l2_C0.03_balanced,l2,0.03,balanced,0.36,0.35,24596,0.5810045575847274,0.0065104081752458895,0.7584621598906329,57,0.5426492112538625,0.5764066355118204,0.5342413392621741,0.5764066355118204,0.533126530847701,0.5495871691495041,0.5814701596371773,0.7593640760413699,0.6908183869818268,0.5924416827951513,0.6378591796446589,9817,0.7428873661191021,0.8015297440970698,0.5658403456902433,0.4499502667510625,0.5012844406386944,11059,0.5892220735977164,0.6715062714085476,0.3460652851144521,0.6868279569892473,0.4602359722597496,3720,0.41230103919471356,0.8050562126184928,False
77,l1_C1_none,l1,1.0,none,0.42,0.45,24596,0.582338217694888,0.00567769292972502,0.7617992042920387,296,0.6041632785818832,0.5213741581738002,0.5927864359983673,0.5213741581738002,0.533120983197115,0.5911326681177775,0.5822848572891787,0.7624006307021401,0.6918705786849124,0.6077212997860854,0.6470715835140998,9817,0.7422814336145833,0.8014059480798497,0.5602703455964325,0.7271000994664979,0.6328755263468576,11059,0.5931052351760168,0.6807784778617922,0.526218383713757,0.2293010752688172,0.31941583973038756,3720,0.4114679030769361,0.8050174661647783,False
78,l2_C1_none,l2,1.0,none,0.42,0.45,24596,0.5822150263582444,0.005715261537429958,0.7617008895591312,256,0.6037973654252724,0.5212736523393282,0.5923584793282403,0.5212736523393282,0.5330500188794763,0.5908412675286222,0.582215740040551,0.7623213335506999,0.6906774753908512,0.6075175715595396,0.6464339908952959,9817,0.7422692989218884,0.8014288518249209,0.5602762662201758,0.7261958585767249,0.6325365258142007,11059,0.5930146195990714,0.6807071913228571,0.5261216963736939,0.23010752688172043,0.3201795399289321,3720,0.4113633016006932,0.8048279575043216,False
79,l2_C0.1_none,l2,0.1,none,0.42,0.45,24596,0.5822717972088928,0.00576893813419317,0.7617850648717264,115,0.6046511627906976,0.5213348572930148,0.5930737766802686,0.5213348572930148,0.5329438168711352,0.5914304151385175,0.5822371569695791,0.7624022364289208,0.6928165254729024,0.608128756239177,0.6477161766301399,9817,0.7421798272643243,0.8013842160581196,0.5606123869171886,0.7284564608011574,0.6336072987533918,11059,0.5931388352732905,0.6808049498027406,0.5257924176507147,0.22741935483870968,0.3175079752298743,3720,0.4113928083711225,0.8050175434259024,False
80,l2_C0.1_balanced,l2,0.1,balanced,0.36,0.35,24596,0.5811596215427464,0.00638196525810015,0.7586021414405113,113,0.5424052691494552,0.5760375032853816,0.5337788211791988,0.5760375032853816,0.53277404989219,0.5492530143825195,0.581672752299944,0.7594877328735762,0.6895776647344138,0.5937659162676989,0.638095238095238,9817,0.7432244997243572,0.8017665424917922,0.566001140901312,0.4485939054164029,0.5005044390637611,11059,0.5894266984503209,0.6716797050383185,0.3457576579018704,0.685752688172043,0.45972247251757076,3720,0.41236705872515356,0.805016951090618,False
81,l2_C0.3_none,l2,0.3,none,0.42,0.45,24596,0.582262617974212,0.005690691910782053,0.7617527813159851,182,0.6040006505122785,0.5210790129479386,0.5923370925443192,0.5210790129479386,0.5327377886885419,0.5909063027669499,0.5822251958029093,0.7623721257356278,0.6913451511991658,0.6078231638993583,0.6468993928881179,9817,0.7422577040887777,0.8014311470241711,0.5603262005994285,0.7269192512885433,0.6328426355978902,11059,0.5930517081426985,0.680757309660716,0.5253399258343634,0.22849462365591397,0.3184713375796178,3720,0.41136617517725166,0.8049279205219967,False
82,l1_C1_balanced,l1,1.0,balanced,0.36,0.35,24596,0.5813052527668574,0.006328707843721891,0.7586569881057785,275,0.5422426410798504,0.57557159162706,0.533431292861505,0.57557159162706,0.532548713392084,0.5490627986162903,0.5817629445872061,0.7595207335329813,0.6891173342786246,0.5940715086075176,0.638074398249453,9817,0.7433411212280178,0.8018114194957519,0.5654354765161879,0.4485034813274256,0.5002269174524734,11059,0.5894650609969605,0.6717409251591336,0.3457410677897025,0.6841397849462365,0.4593448244743254,3720,0.4124826515366401,0.8050098559440587,False
83,l2_C0.3_balanced,l2,0.3,balanced,0.36,0.35,24596,0.5812074232788265,0.0064282390371591695,0.7586149248452921,172,0.5420800130102456,0.5756256059489822,0.5333292179063323,0.5756256059489822,0.532446603356583,0.5488591794128648,0.5816986057830408,0.7594880569765016,0.6888363851151802,0.5939696444942447,0.6378951974619844,9817,0.7433306242832384,0.8018397614156232,0.5653315074746091,0.4479609367935618,0.4998486530118051,11059,0.5894477331257554,0.6717065844454282,0.34581976112920737,0.6849462365591398,0.4595959595959596,3720,0.4123174599401284,0.8049178250684534,False
84,l1_C0.1_none,l1,0.1,none,0.42,0.45,24596,0.5821450609482755,0.006076319989659939,0.7617085739149083,68,0.6046511627906976,0.5207943155144763,0.5930413014410665,0.5207943155144763,0.5322560508351203,0.5912089941464741,0.5822168712498262,0.7623581204750906,0.6940655240760173,0.6063970663135377,0.6472762857453518,9817,0.7420554221308716,0.8010218158137339,0.5603245042296492,0.73071706302559,0.634276519759821,11059,0.5926922768353683,0.6808628901549449,0.5247338760175329,0.2252688172043011,0.31521534700018805,3720,0.4119029147832388,0.8051896554565926,False
85,l2_C0.03_none,l2,0.03,none,0.42,0.45,24596,0.5822498678444673,0.005863386823711832,0.7617057570221293,59,0.6045291917384941,0.5203760628351711,0.5934703373447002,0.5203760628351711,0.5317957205130384,0.5909162427121109,0.582101547037125,0.7623500396843094,0.6936989498249708,0.6055821534073546,0.6466525262413662,9817,0.7419221284927483,0.8012072031237483,0.5601633896427582,0.7316213039153631,0.6345135866368663,11059,0.5930997614515003,0.6808325706646687,0.5265486725663717,0.2239247311827957,0.3142210486608827,3720,0.41128275116712615,0.8050103452645112,False
86,l2_C1_balanced,l2,1.0,balanced,0.36,0.35,24596,0.5811319851861145,0.006450358286067054,0.7585779601749396,261,0.5413075296796227,0.5748112492235956,0.5325995132767258,0.5748112492235956,0.5316858012182382,0.5480890307747647,0.5817232283258158,0.7594582901996844,0.6887996219281664,0.5938677803809718,0.6378206881461627,9817,0.7433602552939089,0.8018634026571503,0.563862572765666,0.44669499954787956,0.49848637739656915,11059,0.5894407146125737,0.6716820295993706,0.3451363451363451,0.6838709677419355,0.4587503381119827,3720,0.4123687150709646,0.8048294383425324,False
87,l1_C0.03_none,l1,0.03,none,0.42,0.45,24596,0.5819891453515743,0.006132456433578194,0.7615015899260377,104,0.6044885347210929,0.5194394176889937,0.5934305522779397,0.5194394176889937,0.5306149094338974,0.5905119769472192,0.582172045658279,0.7621815846332676,0.6966053748231966,0.6020169094428033,0.6458663461013059,9817,0.7418253223260594,0.8006151313195494,0.5593896068188067,0.7358712360972963,0.6356074510875932,11059,0.5926225027859117,0.6808869306584706,0.5242966751918159,0.22043010752688172,0.31037093111279335,3720,0.41206831186286563,0.8050426919217829,False
88,l2_C0.01_none,l2,0.01,none,0.42,0.45,24596,0.5817874567745339,0.006187327128042744,0.7614523805355653,29,0.603919336477476,0.5179318265494296,0.5940390954731202,0.5179318265494296,0.5288597997505382,0.5894204196318011,0.5818777954753303,0.7621382556012218,0.6945783840997295,0.6016094529897117,0.644759825327511,9817,0.7413842530492514,0.8008419011409711,0.5588638858397366,0.7365946288091147,0.6355373512775502,11059,0.5928116073003779,0.6807945226768712,0.5286750164798946,0.21559139784946235,0.30628222264655336,3720,0.4114375260763616,0.8047783429858231,False
89,l1_C0.01_balanced,l1,0.01,balanced,0.42,0.45,24596,0.5795501083631571,0.008099675992605825,0.7577571585438886,78,0.5542364612132054,0.5574728952674686,0.5332074537982924,0.5574728952674686,0.5279900364180711,0.5412912268619041,0.5804025351452574,0.7588111180171278,0.5785561005518087,0.7689721910970765,0.6603105182593484,9817,0.7419245805446455,0.8004860694397852,0.6146239136949355,0.37091961298489917,0.4626402751931427,11059,0.5885793906504888,0.6716131544585385,0.40644234714813293,0.5325268817204301,0.4610193158017221,3720,0.4107036342406381,0.8043341301530595,False
90,l1_C0.01_none,l1,0.01,none,0.42,0.45,24596,0.5797253614600522,0.008076054617060398,0.7604022695095017,128,0.6047324768255001,0.5167659760217681,0.5967711816128259,0.5167659760217681,0.5272181306274643,0.5892862056652692,0.5806320789606018,0.7612002952615877,0.6952123279614163,0.6020169094428033,0.645266950540452,9817,0.7414330518517454,0.8001591861976118,0.5589901057659502,0.7407541369020707,0.6371626351403904,11059,0.5910451882105415,0.6799997165104279,0.5361111111111111,0.2075268817204301,0.2992248062015504,3720,0.40941799681951824,0.8034419830767234,False
91,l2_C1_balanced,l2,1.0,balanced,0.42,0.55,24596,0.5811319851861145,0.006450358286067054,0.7585779601749396,261,0.5577736217271101,0.5328116532955951,0.5386745903589019,0.5328116532955951,0.5242594482042082,0.5465222770795115,0.5817232283258158,0.7594582901996844,0.554611291752882,0.7644901701130692,0.6428540836866675,9817,0.7433602552939089,0.8018634026571503,0.6102290473711609,0.42399855321457636,0.5003467961372245,11059,0.5894407146125737,0.6716820295993706,0.4511834319526627,0.4099462365591398,0.4295774647887324,3720,0.4123687150709646,0.8048294383425324,False
92,l1_C0.1_balanced,l1,0.1,balanced,0.3,0.35,24596,0.580996840944222,0.006504276282255491,0.7585683449884089,73,0.5315498455033338,0.5636825914802553,0.5494129155518566,0.5636825914802553,0.5239009724110691,0.539899585985995,0.581521400767286,0.7594613193084432,0.7712305025996534,0.4532953040643781,0.5709886443831398,9817,0.7430421371212025,0.8013692662467866,0.5294117647058824,0.5476987069355276,0.5384,11059,0.5891681623364627,0.6718191386228137,0.34759647935003385,0.6900537634408602,0.46231427285006754,3720,0.4123539028441927,0.805195553055729,False
93,l2_C1_none,l2,1.0,none,0.36,0.45,24596,0.5822150263582444,0.005715261537429958,0.7617008895591312,256,0.5979427549194991,0.5128835274677787,0.6077760945107287,0.5128835274677787,0.5237156276040543,0.5805597744799459,0.582215740040551,0.7623213335506999,0.753690036900369,0.4993378832637262,0.6006984866123399,9817,0.7422692989218884,0.8014288518249209,0.5435165502581233,0.8092051722578895,0.6502688562708908,11059,0.5930146195990714,0.6807071913228571,0.5261216963736939,0.23010752688172043,0.3201795399289321,3720,0.4113633016006932,0.8048279575043216,False
94,l1_C1_none,l1,1.0,none,0.36,0.45,24596,0.582338217694888,0.00567769292972502,0.7617992042920387,296,0.5978614408846967,0.5126562916507656,0.6076072192128059,0.5126562916507656,0.5234483601939978,0.5804253017693368,0.5822848572891787,0.7624006307021401,0.753109166282819,0.4996434756035449,0.6007348438456828,9817,0.7422814336145833,0.8014059480798497,0.5434941076418418,0.8090243240799349,0.6501943970059227,11059,0.5931052351760168,0.6807784778617922,0.526218383713757,0.2293010752688172,0.31941583973038756,3720,0.4114679030769361,0.8050174661647783,False
95,l1_C0.3_balanced,l1,0.3,balanced,0.42,0.55,24596,0.5811943852198109,0.006342436062319042,0.758667928679366,86,0.5571231094486908,0.5321045231160486,0.5386777575636498,0.5321045231160486,0.5234102430758297,0.5455582869194082,0.5816651756737811,0.7595277161800587,0.5526663728514765,0.7664255882652542,0.6422261107080364,9817,0.7431580150519528,0.8016318287700304,0.6116581331232769,0.42128583054525726,0.49892910687513387,11059,0.5892658072622627,0.6717625141859177,0.45170876671619614,0.40860215053763443,0.429075511644319,3720,0.4125717047071277,0.805188805584228,False
96,l2_C1_none,l2,1.0,none,0.3,0.35,24596,0.5822150263582444,0.005715261537429958,0.7617008895591312,256,0.5743210278093999,0.518824673459851,0.6017802582505493,0.518824673459851,0.5233708114079899,0.5586658865834069,0.582215740040551,0.7623213335506999,0.8087431693989071,0.39197310787409595,0.5280274442538594,9817,0.7422692989218884,0.8014288518249209,0.5258833196384552,0.8101998372366398,0.6377905114425028,11059,0.5930146195990714,0.6807071913228571,0.4707142857142857,0.3543010752688172,0.40429447852760736,3720,0.4113633016006932,0.8048279575043216,False
97,l2_C0.3_none,l2,0.3,none,0.3,0.35,24596,0.582262617974212,0.005690691910782053,0.7617527813159851,182,0.5742397137745975,0.5188200417642088,0.6016980031355035,0.5188200417642088,0.5233622424897074,0.5585900712618034,0.5822251958029093,0.7623721257356278,0.80836310149191,0.39187124376082305,0.5278540065861691,9817,0.7422577040887777,0.8014311470241711,0.5258276590749003,0.8100189890586852,0.6376935397757608,11059,0.5930517081426985,0.680757309660716,0.4709032488397001,0.35456989247311826,0.40453918110719217,3720,0.41136617517725166,0.8049279205219967,False
98,l1_C1_balanced,l1,1.0,balanced,0.42,0.55,24596,0.5813052527668574,0.006328707843721891,0.7586569881057785,275,0.5568791673442837,0.5318474081094567,0.5380329077044858,0.5318474081094567,0.5233077709634447,0.5455051829587332,0.5817629445872061,0.7595207335329813,0.5533515227490599,0.7643883059997962,0.6419710839250578,9817,0.7433411212280178,0.8018114194957519,0.6095747456300548,0.4225517677909395,0.4991188251001335,11059,0.5894650609969605,0.6717409251591336,0.45117245473434253,0.40860215053763443,0.4288334038651432,3720,0.4124826515366401,0.8050098559440587,False
99,l2_C0.3_balanced,l2,0.3,balanced,0.42,0.55,24596,0.5812074232788265,0.0064282390371591695,0.7586149248452921,172,0.5568385103268825,0.5318134534050324,0.5379463046488243,0.5318134534050324,0.5232572430833232,0.5454746635433139,0.5816986057830408,0.7594880569765016,0.5533593922855667,0.7642864418865234,0.6419404517453798,9817,0.7433306242832384,0.8018397614156232,0.6095747456300548,0.4225517677909395,0.4991188251001335,11059,0.5894477331257554,0.6717065844454282,0.4509047760308514,0.40860215053763443,0.4287124524044564,3720,0.4123174599401284,0.8049178250684534,False
100,l2_C0.1_balanced,l2,0.1,balanced,0.42,0.55,24596,0.5811596215427464,0.00638196525810015,0.7586021414405113,113,0.5567165392746788,0.5318053737364209,0.5383126503772662,0.5318053737364209,0.5232365928327688,0.5452559756988317,0.581672752299944,0.7594877328735762,0.5524573278399059,0.7648976265661608,0.6415481225169807,9817,0.7432244997243572,0.8017665424917922,0.6103403141361257,0.42164752690116647,0.49874324830204825,11059,0.5894266984503209,0.6716797050383185,0.4521403091557669,0.4088709677419355,0.42941840767927725,3720,0.41236705872515356,0.805016951090618,False
101,l2_C0.3_none,l2,0.3,none,0.36,0.45,24596,0.582262617974212,0.005690691910782053,0.7617527813159851,182,0.597739469832493,0.5123684077393053,0.6073747278627721,0.5123684077393053,0.5230663191883186,0.580206009024015,0.5822251958029093,0.7623721257356278,0.7533825338253383,0.4991341550371804,0.6004534035904663,9817,0.7422577040887777,0.8014311470241711,0.5434017239286147,0.8094764445248214,0.6502742163948716,11059,0.5930517081426985,0.680757309660716,0.5253399258343634,0.22849462365591397,0.3184713375796178,3720,0.41136617517725166,0.8049279205219967,False
102,l2_C0.3_balanced,l2,0.3,balanced,0.3,0.35,24596,0.5812074232788265,0.0064282390371591695,0.7586149248452921,172,0.5308586762075134,0.5620784986599854,0.5484084062309657,0.5620784986599854,0.5229777145979145,0.5394320095530418,0.5816986057830408,0.7594880569765016,0.7706929324347676,0.45431394519710705,0.5716482953088952,9817,0.7433306242832384,0.8018397614156232,0.5287125251289223,0.5469753142237092,0.5376888888888889,11059,0.5894477331257554,0.6717065844454282,0.34581976112920737,0.6849462365591398,0.4595959595959596,3720,0.4123174599401284,0.8049178250684534,False
103,l1_C1_balanced,l1,1.0,balanced,0.3,0.35,24596,0.5813052527668574,0.006328707843721891,0.7586569881057785,275,0.5308586762075134,0.5618924788617978,0.5484208397195028,0.5618924788617978,0.5229178868321243,0.5394317895341333,0.5817629445872061,0.7595207335329813,0.7708801660038043,0.45411021697056125,0.5715384615384616,9817,0.7433411212280178,0.8018114194957519,0.5286412853650018,0.5474274346685957,0.5378703744835858,11059,0.5894650609969605,0.6717409251591336,0.3457410677897025,0.6841397849462365,0.4593448244743254,3720,0.4124826515366401,0.8050098559440587,False
104,l1_C1_none,l1,1.0,none,0.3,0.35,24596,0.582338217694888,0.00567769292972502,0.7617992042920387,296,0.573955114652789,0.5183750080775953,0.6010748201045032,0.5183750080775953,0.5228906026545289,0.5583185009038172,0.5822848572891787,0.7624006307021401,0.8080638387232255,0.39197310787409595,0.527882570821044,9817,0.7422814336145833,0.8014059480798497,0.5256854341572242,0.809657292702776,0.6374768617399972,11059,0.5931052351760168,0.6807784778617922,0.4694751874330596,0.353494623655914,0.4033123754025456,3720,0.4114679030769361,0.8050174661647783,False
105,l1_C0.1_none,l1,0.1,none,0.3,0.35,24596,0.5821450609482755,0.006076319989659939,0.7617085739149083,68,0.573955114652789,0.5180662461944268,0.6015282367542824,0.5180662461944268,0.5227885294830307,0.5581327766303014,0.5822168712498262,0.7623581204750906,0.8065869519614013,0.39166751553427726,0.5272901810202962,9817,0.7420554221308716,0.8010218158137339,0.5254147857184733,0.8103806854145944,0.6375017783468487,11059,0.5926922768353683,0.6808628901549449,0.4725829725829726,0.3521505376344086,0.403573629081947,3720,0.4119029147832388,0.8051896554565926,False
106,l1_C0.3_balanced,l1,0.3,balanced,0.3,0.35,24596,0.5811943852198109,0.006342436062319042,0.758667928679366,86,0.5304521060335013,0.5622398108888269,0.5480674065206733,0.5622398108888269,0.5227457613478977,0.53876041573595,0.5816651756737811,0.7595277161800587,0.769004329004329,0.4523785270449221,0.5696511031298102,9817,0.7431580150519528,0.8016318287700304,0.5282508077897127,0.5469753142237092,0.53745002221235,11059,0.5892658072622627,0.6717625141859177,0.3469470827679783,0.6873655913978495,0.4611361587015329,3720,0.4125717047071277,0.805188805584228,False
107,l1_C0.1_balanced,l1,0.1,balanced,0.42,0.55,24596,0.580996840944222,0.006504276282255491,0.7585683449884089,73,0.5567165392746788,0.5314631257123393,0.5385653161023148,0.5314631257123393,0.5226641938473547,0.5448513449130166,0.581521400767286,0.7594613193084432,0.5516636197440585,0.768462870530712,0.6422611953005278,9817,0.7430421371212025,0.8013692662467866,0.6122556788166931,0.4192060764987793,0.4976651816864366,11059,0.5891681623364627,0.6718191386228137,0.4517766497461929,0.4067204301075269,0.42806620455509975,3720,0.4123539028441927,0.805195553055729,False
108,l2_C0.1_none,l2,0.1,none,0.3,0.35,24596,0.5822717972088928,0.00576893813419317,0.7617850648717264,115,0.5737111725483819,0.5180851220892518,0.6014003553489986,0.5180851220892518,0.5225860881555676,0.5578754420145028,0.5822371569695791,0.7624022364289208,0.8080488832701223,0.39064887440154833,0.5266771956327679,9817,0.7421798272643243,0.8013842160581196,0.5253531860015241,0.8103806854145944,0.6374564336012518,11059,0.5931388352732905,0.6808049498027406,0.4707989967753493,0.3532258064516129,0.40362463523268316,3720,0.4113928083711225,0.8050175434259024,False
109,l2_C0.1_balanced,l2,0.1,balanced,0.3,0.35,24596,0.5811596215427464,0.00638196525810015,0.7586021414405113,113,0.5304114490161002,0.5618643233194826,0.5484041564926677,0.5618643233194826,0.5225807954695187,0.5389162642518199,0.581672752299944,0.7594877328735762,0.771259979173898,0.45268411938474074,0.5705115861095064,9817,0.7432244997243572,0.8017665424917922,0.5281948324022346,0.5471561624016638,0.5375083277814791,11059,0.5894266984503209,0.6716797050383185,0.3457576579018704,0.685752688172043,0.45972247251757076,3720,0.41236705872515356,0.805016951090618,False
110,l2_C0.1_none,l2,0.1,none,0.36,0.45,24596,0.5822717972088928,0.00576893813419317,0.7617850648717264,115,0.5974142136932835,0.511870352641108,0.6072182206270006,0.511870352641108,0.5224987207168109,0.5797569211616499,0.5822371569695791,0.7624022364289208,0.7527295094571737,0.49862483447081596,0.5998774509803921,9817,0.7421798272643243,0.8013842160581196,0.5431327347731133,0.8095668686137987,0.6501107359401663,11059,0.5931388352732905,0.6808049498027406,0.5257924176507147,0.22741935483870968,0.3175079752298743,3720,0.4113928083711225,0.8050175434259024,False
111,l1_C0.3_none,l1,0.3,none,0.3,0.35,24596,0.5824132261226789,0.0057193790616464875,0.7618586944514157,133,0.5734672304439746,0.5178867562952733,0.6003984129364791,0.5178867562952733,0.5224512001159417,0.5578118221747929,0.5823343342790378,0.762464848146356,0.805951383067896,0.39176937964755015,0.5272465556241004,9817,0.7421531487481658,0.8012590760053027,0.5253082795067527,0.8089338999909576,0.6369753284203781,11059,0.5930376377499241,0.6808864764338973,0.4699355762347888,0.35295698924731184,0.40313171630334665,3720,0.4118122163390234,0.8052489919998681,False
112,l1_C0.3_none,l1,0.3,none,0.36,0.45,24596,0.5824132261226789,0.0057193790616464875,0.7618586944514157,133,0.596723044397463,0.5116438313048141,0.6063764655303888,0.5116438313048141,0.522377195662895,0.5792994935143649,0.5823343342790378,0.762464848146356,0.7523838818824977,0.49831924213099726,0.5995465408419633,9817,0.7421531487481658,0.8012590760053027,0.5424078683747192,0.8078488109232299,0.6490374137304759,11059,0.5930376377499241,0.6808864764338973,0.5243376463339495,0.22876344086021505,0.31854763241624556,3720,0.4118122163390234,0.8052489919998681,False
113,l2_C1_balanced,l2,1.0,balanced,0.3,0.35,24596,0.5811319851861145,0.006450358286067054,0.7585779601749396,261,0.5302081639290942,0.5613545660235761,0.5478776630524852,0.5613545660235761,0.522355304341719,0.5388493948151433,0.5817232283258158,0.7594582901996844,0.770653301071552,0.45421208108383415,0.5715567519066846,9817,0.7433602552939089,0.8018634026571503,0.5278433429495585,0.5459806492449588,0.5367588230064895,11059,0.5894407146125737,0.6716820295993706,0.3451363451363451,0.6838709677419355,0.4587503381119827,3720,0.4123687150709646,0.8048294383425324,False
114,l1_C0.03_balanced,l1,0.03,balanced,0.3,0.35,24596,0.5807838226662193,0.006692643849421448,0.7583884850695868,122,0.5300048788420881,0.5616329801536545,0.5489737434291591,0.5616329801536545,0.5221950004146402,0.5381761555935038,0.5813271998480259,0.7592878368281505,0.7730147575544624,0.44820209840073344,0.567412470178606,9817,0.742700187086922,0.800991282081966,0.5269954068810122,0.5498688850709829,0.538189220284981,11059,0.5890586962314418,0.6717143530215883,0.3469110658520027,0.6868279569892473,0.4609833107803338,3720,0.412222716225714,0.8051578753808973,False
115,l2_C0.03_balanced,l2,0.03,balanced,0.42,0.55,24596,0.5810045575847274,0.0065104081752458895,0.7584621598906329,57,0.5559440559440559,0.5306586599201132,0.5379052606966813,0.5306586599201132,0.5219806086232867,0.544130294118938,0.5814701596371773,0.7593640760413699,0.5507606787595085,0.7670367729448915,0.6411511771467495,9817,0.7428873661191021,0.8015297440970698,0.6112650046168052,0.41902522832082467,0.49721030042918457,11059,0.5892220735977164,0.6715062714085476,0.45169009871373017,0.40591397849462363,0.4275803482939261,3720,0.41230103919471356,0.8050562126184928,False
116,l2_C0.03_none,l2,0.03,none,0.3,0.35,24596,0.5822498678444673,0.005863386823711832,0.7617057570221293,59,0.5734672304439746,0.5173080811024161,0.6017952407417951,0.5173080811024161,0.5218545921802197,0.557238156098411,0.582101547037125,0.7623500396843094,0.807741116751269,0.389019048589182,0.5251289102784462,9817,0.7419221284927483,0.8012072031237483,0.5249897702694803,0.8120987431051632,0.6377192359582475,11059,0.5930997614515003,0.6808325706646687,0.472654835204636,0.35080645161290325,0.40271563030396546,3720,0.41128275116712615,0.8050103452645112,False
117,l2_C0.03_balanced,l2,0.03,balanced,0.3,0.35,24596,0.5810045575847274,0.0065104081752458895,0.7584621598906329,57,0.5295169946332737,0.5612750971391772,0.5484089731103833,0.5612750971391772,0.5217140235432409,0.5377586322748628,0.5814701596371773,0.7593640760413699,0.7721052631578947,0.44830396251400634,0.5672488238705935,9817,0.7428873661191021,0.8015297440970698,0.5270563710588031,0.5486933719142779,0.5376572744993797,11059,0.5892220735977164,0.6715062714085476,0.3460652851144521,0.6868279569892473,0.4602359722597496,3720,0.41230103919471356,0.8050562126184928,False
118,l1_C0.1_none,l1,0.1,none,0.36,0.45,24596,0.5821450609482755,0.006076319989659939,0.7617085739149083,68,0.596316474223451,0.5105274340860696,0.6062461190478063,0.5105274340860696,0.520999751044746,0.5784834823799893,0.5822168712498262,0.7623581204750906,0.7519642582036666,0.49719873688499544,0.5986019131714496,9817,0.7420554221308716,0.8010218158137339,0.5420402229222195,0.8091147481689122,0.6491819929626003,11059,0.5926922768353683,0.6808628901549449,0.5247338760175329,0.2252688172043011,0.31521534700018805,3720,0.4119029147832388,0.8051896554565926,False
119,l2_C0.03_none,l2,0.03,none,0.36,0.45,24596,0.5822498678444673,0.005863386823711832,0.7617057570221293,59,0.5966417303626605,0.5104216696925218,0.6072927938397134,0.5104216696925218,0.5207655292697396,0.5784947384655664,0.582101547037125,0.7623500396843094,0.7530940594059405,0.4958745034124478,0.5979976659910325,9817,0.7419221284927483,0.8012072031237483,0.5422356495468278,0.811465774482322,0.6500778731573038,11059,0.5930997614515003,0.6808325706646687,0.5265486725663717,0.2239247311827957,0.3142210486608827,3720,0.41128275116712615,0.8050103452645112,False
120,l2_C0.01_balanced,l2,0.01,balanced,0.3,0.35,24596,0.58049125359147,0.006867628013936892,0.7580504821921964,30,0.5284599121808424,0.5603777366175794,0.5488364983714215,0.5603777366175794,0.5205941453666321,0.5363580437323181,0.5810009323409919,0.7589991593284929,0.7747233131024635,0.4420902516043598,0.5629418250210779,9817,0.7421511553398755,0.8010584562918555,0.5254500043062613,0.5516773668505289,0.5382443758270843,11059,0.588765297694874,0.6710296695951081,0.34633617770553976,0.6873655913978495,0.46059623525173377,3720,0.4120863439882264,0.8049093520985152,False
121,l1_C0.1_balanced,l1,0.1,balanced,0.42,0.35,24596,0.580996840944222,0.006504276282255491,0.7585683449884089,73,0.5396812489835746,0.5797971521660211,0.5290863170490788,0.5797971521660211,0.5199589162208218,0.5295071404189338,0.581521400767286,0.7594613193084432,0.6270437472381795,0.7227258836711826,0.6714934696195344,9817,0.7430421371212025,0.8013692662467866,0.6126187245590231,0.3266118093860204,0.4260690061928635,11059,0.5891681623364627,0.6718191386228137,0.34759647935003385,0.6900537634408602,0.46231427285006754,3720,0.4123539028441927,0.805195553055729,False
122,l2_C0.01_balanced,l2,0.01,balanced,0.42,0.35,24596,0.58049125359147,0.006867628013936892,0.7580504821921964,30,0.5395186209139697,0.5790018628262362,0.5285752305029485,0.5790018628262362,0.5198950152171156,0.5299408932959699,0.5810009323409919,0.7589991593284929,0.6284089899618015,0.7205867372924518,0.6713485811900921,9817,0.7421511553398755,0.8010584562918555,0.6109805238415044,0.32905325978840766,0.427740229209521,11059,0.588765297694874,0.6710296695951081,0.34633617770553976,0.6873655913978495,0.46059623525173377,3720,0.4120863439882264,0.8049093520985152,False
123,l1_C0.3_balanced,l1,0.3,balanced,0.42,0.35,24596,0.5811943852198109,0.006342436062319042,0.758667928679366,86,0.5395186209139697,0.5790209295333956,0.5285617253204428,0.5790209295333956,0.519876846631243,0.5297683058987653,0.5816651756737811,0.7595277161800587,0.6275709219858157,0.7210960578588164,0.671090676399488,9817,0.7431580150519528,0.8016318287700304,0.6111671712075345,0.3286011393435211,0.427403704792708,11059,0.5892658072622627,0.6717625141859177,0.3469470827679783,0.6873655913978495,0.4611361587015329,3720,0.4125717047071277,0.805188805584228,False
124,l1_C0.01_balanced,l1,0.01,balanced,0.3,0.35,24596,0.5795501083631571,0.008099675992605825,0.7577571585438886,78,0.5280126849894292,0.5591419420917744,0.5496291722332406,0.5591419420917744,0.5198694619122485,0.5355941015275925,0.5804025351452574,0.7588111180171278,0.7783018867924528,0.4369970459407151,0.5597234000913301,9817,0.7419245805446455,0.8004860694397852,0.5236190314069282,0.5562889953883715,0.5394598386531042,11059,0.5885793906504888,0.6716131544585385,0.34696659850034084,0.6841397849462365,0.4604251469923112,3720,0.4107036342406381,0.8043341301530595,False
125,l2_C0.1_balanced,l2,0.1,balanced,0.42,0.35,24596,0.5811596215427464,0.00638196525810015,0.7586021414405113,113,0.5393966498617662,0.578512705750861,0.5282810908121497,0.578512705750861,0.5198177780673648,0.5301099384920774,0.581672752299944,0.7594877328735762,0.6288283475783476,0.71946623204645,0.6711007648819421,9817,0.7432244997243572,0.8017665424917922,0.6102572669562312,0.3303191970340899,0.4286300968025814,11059,0.5894266984503209,0.6716797050383185,0.3457576579018704,0.685752688172043,0.45972247251757076,3720,0.41236705872515356,0.805016951090618,False
126,l2_C0.03_balanced,l2,0.03,balanced,0.42,0.35,24596,0.5810045575847274,0.0065104081752458895,0.7584621598906329,57,0.5391933647747601,0.5786418031787476,0.5281802262667251,0.5786418031787476,0.519535338737945,0.5295664465623354,0.5814701596371773,0.7593640760413699,0.6282973621103117,0.7205867372924518,0.671284873790093,9817,0.7428873661191021,0.8015297440970698,0.6101780315754115,0.3285107152545438,0.4270851701639922,11059,0.5892220735977164,0.6715062714085476,0.3460652851144521,0.6868279569892473,0.4602359722597496,3720,0.41230103919471356,0.8050562126184928,False
127,l2_C0.3_balanced,l2,0.3,balanced,0.42,0.35,24596,0.5812074232788265,0.0064282390371591695,0.7586149248452921,172,0.5390307367051553,0.5780401603200142,0.527723695066661,0.5780401603200142,0.5195108004391178,0.5297559644513207,0.5816986057830408,0.7594880569765016,0.6285179907374421,0.7188550473668127,0.6706581135661678,9817,0.7433306242832384,0.8018397614156232,0.6088333333333333,0.3303191970340899,0.428278328155226,11059,0.5894477331257554,0.6717065844454282,0.34581976112920737,0.6849462365591398,0.4595959595959596,3720,0.4123174599401284,0.8049178250684534,False
128,l1_C1_balanced,l1,1.0,balanced,0.42,0.35,24596,0.5813052527668574,0.006328707843721891,0.7586569881057785,275,0.5389900796877541,0.5778506925488572,0.5275789332591638,0.5778506925488572,0.5193893343946028,0.5296575482933049,0.5817629445872061,0.7595207335329813,0.6284595532615467,0.7193643679331772,0.670846394984326,9817,0.7433411212280178,0.8018114194957519,0.6085361787262421,0.330047924767158,0.42797678372515685,11059,0.5894650609969605,0.6717409251591336,0.3457410677897025,0.6841397849462365,0.4593448244743254,3720,0.4124826515366401,0.8050098559440587,False
129,l2_C1_balanced,l2,1.0,balanced,0.42,0.35,24596,0.5811319851861145,0.006450358286067054,0.7585779601749396,261,0.5389900796877541,0.5777912281770826,0.5275439457587379,0.5777912281770826,0.5193478686680187,0.529754848407944,0.5817232283258158,0.7594582901996844,0.6292995900908929,0.7193643679331772,0.671324682732069,9817,0.7433602552939089,0.8018634026571503,0.6081959020489756,0.3301383488561353,0.4279685851600047,11059,0.5894407146125737,0.6716820295993706,0.3451363451363451,0.6838709677419355,0.4587503381119827,3720,0.4123687150709646,0.8048294383425324,False
130,l2_C0.01_balanced,l2,0.01,balanced,0.42,0.55,24596,0.58049125359147,0.006867628013936892,0.7580504821921964,30,0.5541144901610018,0.52762895433374,0.5374387162264824,0.52762895433374,0.5192884370662719,0.5416473317629696,0.5810009323409919,0.7589991593284929,0.5463284186180977,0.7699908322298055,0.6391578235318987,9817,0.7421511553398755,0.8010584562918555,0.612,0.4150465684058233,0.4946387197586077,11059,0.588765297694874,0.6710296695951081,0.4539877300613497,0.3978494623655914,0.42406876790830944,3720,0.4120863439882264,0.8049093520985152,False
131,l1_C0.03_none,l1,0.03,none,0.3,0.35,24596,0.5819891453515743,0.006132456433578194,0.7615015899260377,104,0.5725321190437469,0.51479193125406,0.6030407030504564,0.51479193125406,0.5191906393783227,0.5550864683342032,0.582172045658279,0.7621815846332676,0.8104265402843602,0.3832127941326271,0.5203679369250985,9817,0.7418253223260594,0.8006151313195494,0.5237791809071425,0.8176146125327788,0.6385142292211002,11059,0.5926225027859117,0.6808869306584706,0.47491638795986624,0.3435483870967742,0.3986897519887693,3720,0.41206831186286563,0.8050426919217829,False
132,l1_C0.03_balanced,l1,0.03,balanced,0.42,0.55,24596,0.5807838226662193,0.006692643849421448,0.7583884850695868,122,0.5534639778825825,0.5277909096822212,0.5373069097203119,0.5277909096822212,0.5190527538891775,0.5407062671484492,0.5813271998480259,0.7592878368281505,0.5458084048151085,0.7713150657023531,0.6392570704938793,9817,0.742700187086922,0.800991282081966,0.6108724832214765,0.4115200289357085,0.4917607650332271,11059,0.5890586962314418,0.6717143530215883,0.45523984112435073,0.40053763440860213,0.42614042614042613,3720,0.412222716225714,0.8051578753808973,False
133,l2_C0.01_none,l2,0.01,none,0.3,0.35,24596,0.5817874567745339,0.006187327128042744,0.7614523805355653,29,0.5720848918523337,0.5143704051579138,0.6025433271640829,0.5143704051579138,0.5186843001196212,0.5545600938716183,0.5818777954753303,0.7621382556012218,0.8097497842968076,0.3823978812264439,0.5194769252058397,9817,0.7413842530492514,0.8008419011409711,0.5235116979383831,0.8174337643548242,0.638260317012038,11059,0.5928116073003779,0.6807945226768712,0.47436849925705793,0.3432795698924731,0.39831565814098563,3720,0.4114375260763616,0.8047783429858231,False
134,l1_C0.03_none,l1,0.03,none,0.36,0.45,24596,0.5819891453515743,0.006132456433578194,0.7615015899260377,104,0.5955033338754269,0.5086673944041169,0.6063663675499863,0.5086673944041169,0.5185997965965986,0.5768495066661773,0.582172045658279,0.7621815846332676,0.7535870243293824,0.4922073953346236,0.5954772321153491,9817,0.7418253223260594,0.8006151313195494,0.5412154031287605,0.8133646803508454,0.6499512265616533,11059,0.5926225027859117,0.6808869306584706,0.5242966751918159,0.22043010752688172,0.31037093111279335,3720,0.41206831186286563,0.8050426919217829,False
135,l1_C0.03_balanced,l1,0.03,balanced,0.42,0.35,24596,0.5807838226662193,0.006692643849421448,0.7583884850695868,122,0.5373637989917059,0.577457042208522,0.5266320835748254,0.577457042208522,0.5171553024382934,0.5261728695373906,0.5813271998480259,0.7592878368281505,0.6234892275354703,0.7251706223897321,0.6704968212856134,9817,0.742700187086922,0.800991282081966,0.6094959573370032,0.3203725472465865,0.41998577524893316,11059,0.5890586962314418,0.6717143530215883,0.3469110658520027,0.6868279569892473,0.4609833107803338,3720,0.412222716225714,0.8051578753808973,False
136,l2_C0.01_none,l2,0.01,none,0.36,0.45,24596,0.5817874567745339,0.006187327128042744,0.7614523805355653,29,0.5953813628232233,0.5074455981602871,0.6078434679905763,0.5074455981602871,0.5170718934985038,0.5760600248235995,0.5818777954753303,0.7621382556012218,0.7541497024741622,0.4905775695222573,0.5944578164537432,9817,0.7413842530492514,0.8008419011409711,0.5407056850176721,0.8161678271091419,0.6504756413952147,11059,0.5928116073003779,0.6807945226768712,0.5286750164798946,0.21559139784946235,0.30628222264655336,3720,0.4114375260763616,0.8047783429858231,False
137,l1_C0.01_none,l1,0.01,none,0.3,0.35,24596,0.5797253614600522,0.008076054617060398,0.7604022695095017,128,0.5713124085217108,0.5099438563471923,0.6051944803534249,0.5099438563471923,0.5140772194054674,0.5516405871795625,0.5806320789606018,0.7612002952615877,0.8161047027506655,0.3747580727309769,0.5136474694589878,9817,0.7414330518517454,0.8001591861976118,0.5220366041393466,0.8279229586761914,0.6403244982166585,11059,0.5910451882105415,0.6799997165104279,0.4774421341702628,0.3271505376344086,0.3882596905407561,3720,0.40941799681951824,0.8034419830767234,False
138,l1_C0.01_none,l1,0.01,none,0.36,0.45,24596,0.5797253614600522,0.008076054617060398,0.7604022695095017,128,0.5946088794926004,0.5048754339900089,0.6105489345414062,0.5048754339900089,0.5138210453022555,0.5739604565241854,0.5806320789606018,0.7612002952615877,0.7562758182395932,0.48487317917897527,0.5909006269008752,9817,0.7414330518517454,0.8001591861976118,0.5392598742735144,0.8222262410706213,0.6513377028043408,11059,0.5910451882105415,0.6799997165104279,0.5361111111111111,0.2075268817204301,0.2992248062015504,3720,0.40941799681951824,0.8034419830767234,False
139,l1_C0.01_balanced,l1,0.01,balanced,0.42,0.35,24596,0.5795501083631571,0.008099675992605825,0.7577571585438886,78,0.5346804358432266,0.5754870165038054,0.5253082248306407,0.5754870165038054,0.512102385529916,0.5194466990332083,0.5804025351452574,0.7588111180171278,0.6143978394801249,0.741570744626668,0.6720206775593095,9817,0.7419245805446455,0.8004860694397852,0.614560236511456,0.3007505199385116,0.40386133203812763,11059,0.5885793906504888,0.6716131544585385,0.34696659850034084,0.6841397849462365,0.4604251469923112,3720,0.4107036342406381,0.8043341301530595,False
140,l1_C0.01_balanced,l1,0.01,balanced,0.42,0.55,24596,0.5795501083631571,0.008099675992605825,0.7577571585438886,78,0.5460644007155635,0.5188748371482946,0.5347440437642367,0.5188748371482946,0.5083644134851554,0.529515241558859,0.5804025351452574,0.7588111180171278,0.5324007405883563,0.7908729754507487,0.6363934426229508,9817,0.7419245805446455,0.8004860694397852,0.6152397508329712,0.3840311058866082,0.47288720632446274,11059,0.5885793906504888,0.6716131544585385,0.4565916398713826,0.3817204301075269,0.4158125915080527,3720,0.4107036342406381,0.8043341301530595,False
141,l2_C1_none,l2,1.0,none,0.3,0.45,24596,0.5822150263582444,0.005715261537429958,0.7617008895591312,256,0.5796064400715564,0.49527432423043843,0.6197049830548863,0.49527432423043843,0.5003053360246241,0.5526503077371512,0.582215740040551,0.7623213335506999,0.8084436042848141,0.39207497198736885,0.5280559747564824,9817,0.7422692989218884,0.8014288518249209,0.5245496485061512,0.8636404738222262,0.652680493388458,11059,0.5930146195990714,0.6807071913228571,0.5261216963736939,0.23010752688172043,0.3201795399289321,3720,0.4113633016006932,0.8048279575043216,False
142,l1_C1_none,l1,1.0,none,0.3,0.45,24596,0.582338217694888,0.00567769292972502,0.7617992042920387,296,0.5794031549845503,0.4949452243001526,0.6194551813575678,0.4949452243001526,0.4999420647672224,0.5523954878784708,0.5822848572891787,0.7624006307021401,0.8077649527806926,0.39207497198736885,0.527911123302702,9817,0.7422814336145833,0.8014059480798497,0.5243822075782537,0.8634596256442716,0.6524992312685777,11059,0.5931052351760168,0.6807784778617922,0.526218383713757,0.2293010752688172,0.31941583973038756,3720,0.4114679030769361,0.8050174661647783,False
143,l2_C0.3_none,l2,0.3,none,0.3,0.45,24596,0.582262617974212,0.005690691910782053,0.7617527813159851,182,0.5793624979671491,0.4947328764804045,0.6192593137018928,0.4947328764804045,0.4996414536684244,0.5522732643072356,0.5822251958029093,0.7623721257356278,0.8080638387232255,0.39197310787409595,0.527882570821044,9817,0.7422577040887777,0.8014311470241711,0.5243741765480896,0.8637308979112035,0.6525704526046114,11059,0.5930517081426985,0.680757309660716,0.5253399258343634,0.22849462365591397,0.3184713375796178,3720,0.41136617517725166,0.8049279205219967,False
144,l1_C0.3_none,l1,0.3,none,0.3,0.45,24596,0.5824132261226789,0.0057193790616464875,0.7618586944514157,133,0.5785087006017239,0.4941517455464742,0.6178588320030158,0.4941517455464742,0.49909684482492406,0.5515534783846323,0.5823343342790378,0.762464848146356,0.8054450261780105,0.39176937964755015,0.5271381578947368,9817,0.7421531487481658,0.8012590760053027,0.5237938234970876,0.8619224161316574,0.6516047441637899,11059,0.5930376377499241,0.6808864764338973,0.5243376463339495,0.22876344086021505,0.31854763241624556,3720,0.4118122163390234,0.8052489919998681,False
145,l2_C0.1_none,l2,0.1,none,0.3,0.45,24596,0.5822717972088928,0.00576893813419317,0.7617850648717264,115,0.5789152707757359,0.494117703903207,0.6191386299620548,0.494117703903207,0.4988739550486489,0.5515866887941396,0.5822371569695791,0.7624022364289208,0.8075789473684211,0.3907507385148212,0.5266698702546853,9817,0.7421798272643243,0.8013842160581196,0.5240445248670286,0.86418301835609,0.6524440196613872,11059,0.5931388352732905,0.6808049498027406,0.5257924176507147,0.22741935483870968,0.3175079752298743,3720,0.4113928083711225,0.8050175434259024,False
146,l1_C0.1_none,l1,0.1,none,0.3,0.45,24596,0.5821450609482755,0.006076319989659939,0.7617085739149083,68,0.5786713286713286,0.4934992741653743,0.6183330549066043,0.4934992741653743,0.4982080056568208,0.551337886835114,0.5822168712498262,0.7623581204750906,0.8064583770182429,0.39176937964755015,0.5273549979432333,9817,0.7420554221308716,0.8010218158137339,0.5238069116840373,0.8634596256442716,0.6520536720270409,11059,0.5926922768353683,0.6808628901549449,0.5247338760175329,0.2252688172043011,0.31521534700018805,3720,0.4119029147832388,0.8051896554565926,False
147,l2_C0.3_none,l2,0.3,none,0.42,0.55,24596,0.582262617974212,0.005690691910782053,0.7617527813159851,182,0.600910717189787,0.4969244472546235,0.5946248865849433,0.4969244472546235,0.49767156127509793,0.5763101432370041,0.5822251958029093,0.7623721257356278,0.6862001608640699,0.6083324844657227,0.6449244060475162,9817,0.7422577040887777,0.8014311470241711,0.5548817060979674,0.7528709648250294,0.6388888888888888,11059,0.5930517081426985,0.680757309660716,0.5427927927927928,0.1295698924731183,0.2092013888888889,3720,0.41136617517725166,0.8049279205219967,False
148,l1_C0.3_none,l1,0.3,none,0.42,0.55,24596,0.5824132261226789,0.0057193790616464875,0.7618586944514157,133,0.6014799154334038,0.49702622442905336,0.5955901384721048,0.49702622442905336,0.49754628608994594,0.5766225703391371,0.5823343342790378,0.762464848146356,0.6878026285450772,0.6077212997860854,0.6452868963279433,9817,0.7421531487481658,0.8012590760053027,0.5550681289464938,0.7551315670494619,0.639825314128103,11059,0.5930376377499241,0.6808864764338973,0.5438996579247435,0.1282258064516129,0.2075266478137916,3720,0.4118122163390234,0.8052489919998681,False
149,l2_C0.1_none,l2,0.1,none,0.42,0.55,24596,0.5822717972088928,0.00576893813419317,0.7617850648717264,115,0.6014392584160027,0.49702277645608395,0.5949030496608351,0.49702277645608395,0.49752516454533285,0.5766209129282813,0.5822371569695791,0.7624022364289208,0.6875,0.6084343485789956,0.6455552553363956,9817,0.7421798272643243,0.8013842160581196,0.5551636944370508,0.7544081743376435,0.6396289339517768,11059,0.5931388352732905,0.6808049498027406,0.5420454545454545,0.1282258064516129,0.2073913043478261,3720,0.4113928083711225,0.8050175434259024,False
150,l2_C1_none,l2,1.0,none,0.42,0.55,24596,0.5822150263582444,0.005715261537429958,0.7617008895591312,256,0.6006261180679785,0.4967020176893808,0.5942820255183472,0.4967020176893808,0.49742700126932665,0.5760141870345106,0.582215740040551,0.7623213335506999,0.685068288763916,0.608026892125904,0.6442525634106854,9817,0.7422692989218884,0.8014288518249209,0.5549849949983328,0.7525092684691201,0.6388270515084056,11059,0.5930146195990714,0.6807071913228571,0.5427927927927928,0.1295698924731183,0.2092013888888889,3720,0.4113633016006932,0.8048279575043216,False
151,l1_C1_none,l1,1.0,none,0.42,0.55,24596,0.582338217694888,0.00567769292972502,0.7617992042920387,296,0.6008294031549846,0.4966743313890192,0.5939656984803712,0.4966743313890192,0.49727308501816353,0.5761365225231584,0.5822848572891787,0.7624006307021401,0.6864864864864865,0.608026892125904,0.6448789974070873,9817,0.7422814336145833,0.8014059480798497,0.5547785547785548,0.7532326611809386,0.6389506788371558,11059,0.5931052351760168,0.6807784778617922,0.5406320541760722,0.12876344086021504,0.20798957881024752,3720,0.4114679030769361,0.8050174661647783,False
152,l2_C0.03_none,l2,0.03,none,0.3,0.45,24596,0.5822498678444673,0.005863386823711832,0.7617057570221293,59,0.5782241014799154,0.4927674370949242,0.6190715536398332,0.4927674370949242,0.4971829809677808,0.5503698110130876,0.582101547037125,0.7623500396843094,0.8072289156626506,0.389019048589182,0.5250206213912565,9817,0.7419221284927483,0.8012072031237483,0.5234370726904775,0.865358531512795,0.652307272851203,11059,0.5930997614515003,0.6808325706646687,0.5265486725663717,0.2239247311827957,0.3142210486608827,3720,0.41128275116712615,0.8050103452645112,False
153,l1_C0.1_none,l1,0.1,none,0.42,0.55,24596,0.5821450609482755,0.006076319989659939,0.7617085739149083,68,0.6010733452593918,0.4959769182649472,0.5945930067234652,0.4959769182649472,0.4958835714117314,0.5757379473525511,0.5822168712498262,0.7623581204750906,0.6866858789625361,0.6068045227666293,0.6442786069651741,9817,0.7420554221308716,0.8010218158137339,0.5551350992498174,0.7561262320282123,0.6402266288951841,11059,0.5926922768353683,0.6808628901549449,0.541958041958042,0.125,0.20314547837483618,3720,0.4119029147832388,0.8051896554565926,False
154,l2_C0.03_none,l2,0.03,none,0.42,0.55,24596,0.5822498678444673,0.005863386823711832,0.7617057570221293,59,0.6007480891201822,0.49522193897249234,0.5952363016285741,0.49522193897249234,0.4947662473240701,0.5750641783784994,0.582101547037125,0.7623500396843094,0.6862450957765982,0.6057858816339003,0.6435102526646107,9817,0.7419221284927483,0.8012072031237483,0.5547677423629979,0.7570304729179853,0.6403059273422562,11059,0.5930997614515003,0.6808325706646687,0.5446960667461264,0.1228494623655914,0.20048256196534328,3720,0.41128275116712615,0.8050103452645112,False
155,l1_C0.03_none,l1,0.03,none,0.3,0.45,24596,0.5819891453515743,0.006132456433578194,0.7615015899260377,104,0.5767197918360709,0.4906656227109501,0.6189746774584325,0.4906656227109501,0.4943245888590592,0.5478927693425831,0.582172045658279,0.7621815846332676,0.810467370234762,0.38331465824589994,0.5204702627939143,9817,0.7418253223260594,0.8006151313195494,0.5221599869487193,0.8682521023600687,0.65213257267047,11059,0.5926225027859117,0.6808869306584706,0.5242966751918159,0.22043010752688172,0.31037093111279335,3720,0.41206831186286563,0.8050426919217829,False
156,l1_C0.03_none,l1,0.03,none,0.42,0.55,24596,0.5819891453515743,0.006132456433578194,0.7615015899260377,104,0.6013579443812002,0.49501303980415606,0.5974734980491047,0.49501303980415606,0.49416155305860726,0.5751626719832306,0.582172045658279,0.7621815846332676,0.6896793002915452,0.6024243658958949,0.6431056981296216,9817,0.7418253223260594,0.8006151313195494,0.5543935806366745,0.7621846459896916,0.6418916346190459,11059,0.5926225027859117,0.6808869306584706,0.5483476132190942,0.12043010752688173,0.1974873264271545,3720,0.41206831186286563,0.8050426919217829,False
157,l2_C0.01_none,l2,0.01,none,0.3,0.45,24596,0.5817874567745339,0.006187327128042744,0.7614523805355653,29,0.5766384778012685,0.48950066122013586,0.6201371541275772,0.48950066122013586,0.49279762253340226,0.5471032342528044,0.5818777954753303,0.7621382556012218,0.8097497842968076,0.3823978812264439,0.5194769252058397,9817,0.7413842530492514,0.8008419011409711,0.5219866616060294,0.8705127045845014,0.6526337197478137,11059,0.5928116073003779,0.6807945226768712,0.5286750164798946,0.21559139784946235,0.30628222264655336,3720,0.4114375260763616,0.8047783429858231,False
158,l2_C0.01_none,l2,0.01,none,0.42,0.55,24596,0.5817874567745339,0.006187327128042744,0.7614523805355653,29,0.599934948772158,0.4931698019006237,0.5960465001049075,0.4931698019006237,0.4916373376879708,0.5732646337522459,0.5818777954753303,0.7621382556012218,0.685614849187935,0.6020169094428033,0.6411021315832294,9817,0.7413842530492514,0.8008419011409711,0.5539748402818943,0.7605570123881001,0.6410334578157153,11059,0.5928116073003779,0.6807945226768712,0.5485498108448928,0.11693548387096774,0.19277642366496786,3720,0.4114375260763616,0.8047783429858231,False
159,l1_C0.01_none,l1,0.01,none,0.3,0.45,24596,0.5797253614600522,0.008076054617060398,0.7604022695095017,128,0.5759066514880469,0.48689199826707646,0.6243815588088565,0.48689199826707646,0.48897266411434787,0.544338762702755,0.5806320789606018,0.7612002952615877,0.8161454868041694,0.3748599368442498,0.5137512215552142,9817,0.7414330518517454,0.8001591861976118,0.5208880785112887,0.8782891762365495,0.6539419645862788,11059,0.5910451882105415,0.6799997165104279,0.5361111111111111,0.2075268817204301,0.2992248062015504,3720,0.40941799681951824,0.8034419830767234,False
160,l1_C0.01_none,l1,0.01,none,0.42,0.55,24596,0.5797253614600522,0.008076054617060398,0.7604022695095017,128,0.6006261180679785,0.49186550293650594,0.602593629008623,0.49186550293650594,0.48880004883184464,0.5725131924976858,0.5806320789606018,0.7612002952615877,0.6868253047011027,0.6027299582357135,0.6420355902777778,9817,0.7414330518517454,0.8001591861976118,0.5535398519876875,0.7642644000361697,0.6420540869036767,11059,0.5910451882105415,0.6799997165104279,0.5674157303370787,0.1086021505376344,0.18231046931407943,3720,0.40941799681951824,0.8034419830767234,False
161,l2_C1_none,l2,1.0,none,0.36,0.55,24596,0.5822150263582444,0.005715261537429958,0.7617008895591312,256,0.5956659619450317,0.4889559360965055,0.6116276980630736,0.4889559360965055,0.48854270707732583,0.5662352411138174,0.582215740040551,0.7623213335506999,0.7533425541724297,0.4993378832637262,0.6005880911541289,9817,0.7422692989218884,0.8014288518249209,0.5387477472239987,0.837960032552672,0.6558386411889596,11059,0.5930146195990714,0.6807071913228571,0.5427927927927928,0.1295698924731183,0.2092013888888889,3720,0.4113633016006932,0.8048279575043216,False
162,l2_C0.3_none,l2,0.3,none,0.36,0.55,24596,0.582262617974212,0.005690691910782053,0.7617527813159851,182,0.5955846479102294,0.48888802668765696,0.6115252442953364,0.48888802668765696,0.48846102775036343,0.5661374391192505,0.5822251958029093,0.7623721257356278,0.7530351928692177,0.4991341550371804,0.6003430531732419,9817,0.7422577040887777,0.8014311470241711,0.5387477472239987,0.837960032552672,0.6558386411889596,11059,0.5930517081426985,0.680757309660716,0.5427927927927928,0.1295698924731183,0.2092013888888889,3720,0.41136617517725166,0.8049279205219967,False
163,l1_C1_none,l1,1.0,none,0.36,0.55,24596,0.582338217694888,0.00567769292972502,0.7617992042920387,296,0.5955033338754269,0.4886684175535076,0.6106815847922381,0.4886684175535076,0.4881061654626461,0.5660080001066612,0.5822848572891787,0.7624006307021401,0.7526469234310266,0.4996434756035449,0.6005877311130158,9817,0.7422814336145833,0.8014059480798497,0.5387657767696156,0.8375983361967628,0.655741186464675,11059,0.5931052351760168,0.6807784778617922,0.5406320541760722,0.12876344086021504,0.20798957881024752,3720,0.4114679030769361,0.8050174661647783,False
164,l2_C0.1_none,l2,0.1,none,0.36,0.55,24596,0.5822717972088928,0.00576893813419317,0.7617850648717264,115,0.5952593917710197,0.4883305072176852,0.6110314865598626,0.4883305072176852,0.4876477976168016,0.5656078101518563,0.5822371569695791,0.7624022364289208,0.7524980784012298,0.49862483447081596,0.5998039455949026,9817,0.7421798272643243,0.8013842160581196,0.5385509267329034,0.8381408807306266,0.655748142907676,11059,0.5931388352732905,0.6808049498027406,0.5420454545454545,0.1282258064516129,0.2073913043478261,3720,0.4113928083711225,0.8050175434259024,False
165,l1_C0.3_none,l1,0.3,none,0.36,0.55,24596,0.5824132261226789,0.0057193790616464875,0.7618586944514157,133,0.5948121645796064,0.4879875122004728,0.6113377533010173,0.4879875122004728,0.4873630669397346,0.5652000670331544,0.5823343342790378,0.762464848146356,0.7521525215252153,0.49831924213099726,0.5994730715029716,9817,0.7421531487481658,0.8012590760053027,0.5379610804530932,0.8374174880188082,0.6550894815024404,11059,0.5930376377499241,0.6808864764338973,0.5438996579247435,0.1282258064516129,0.2075266478137916,3720,0.4118122163390234,0.8052489919998681,False
166,l1_C0.1_none,l1,0.1,none,0.36,0.55,24596,0.5821450609482755,0.006076319989659939,0.7617085739149083,68,0.5942429663359896,0.48681001390153317,0.610412597403137,0.48681001390153317,0.48556835983440005,0.5641341843742188,0.5822168712498262,0.7623581204750906,0.7517326351455413,0.49719873688499544,0.598528510116493,9817,0.7420554221308716,0.8010218158137339,0.5375471151058278,0.838231304819604,0.6550310910118711,11059,0.5926922768353683,0.6808628901549449,0.541958041958042,0.125,0.20314547837483618,3720,0.4119029147832388,0.8051896554565926,False
167,l2_C0.03_none,l2,0.03,none,0.36,0.55,24596,0.5822498678444673,0.005863386823711832,0.7617057570221293,59,0.5944869084403969,0.48646557366667675,0.6117737017739876,0.48646557366667675,0.48476446075445834,0.5638730487323194,0.582101547037125,0.7623500396843094,0.7529775715390564,0.4958745034124478,0.5979609384596487,9817,0.7419221284927483,0.8012072031237483,0.53764746703678,0.8406727552219911,0.6558498818383831,11059,0.5930997614515003,0.6808325706646687,0.5446960667461264,0.1228494623655914,0.20048256196534328,3720,0.41128275116712615,0.8050103452645112,False
168,l1_C0.03_none,l1,0.03,none,0.36,0.55,24596,0.5819891453515743,0.006132456433578194,0.7615015899260377,104,0.5937144251097739,0.4852204281323021,0.612861397829949,0.4852204281323021,0.4829620390343557,0.5624646483260273,0.582172045658279,0.7621815846332676,0.7533520424072342,0.4922073953346236,0.5954038568172016,9817,0.7418253223260594,0.8006151313195494,0.5368845378635185,0.843023781535401,0.655994933858711,11059,0.5926225027859117,0.6808869306584706,0.5483476132190942,0.12043010752688173,0.1974873264271545,3720,0.41206831186286563,0.8050426919217829,False
169,l2_C0.01_none,l2,0.01,none,0.36,0.55,24596,0.5817874567745339,0.006187327128042744,0.7614523805355653,29,0.5932265409009595,0.48402468148041344,0.6129566359862614,0.48402468148041344,0.4810705338866725,0.5613685105421334,0.5818777954753303,0.7621382556012218,0.7540316267418193,0.4905775695222573,0.5944211305850408,9817,0.7413842530492514,0.8008419011409711,0.5362884703720716,0.8445609910480152,0.6560140474100088,11059,0.5928116073003779,0.6807945226768712,0.5485498108448928,0.11693548387096774,0.19277642366496786,3720,0.4114375260763616,0.8047783429858231,False
170,l1_C0.01_none,l1,0.01,none,0.36,0.55,24596,0.5797253614600522,0.008076054617060398,0.7604022695095017,128,0.5922507724833306,0.48124434612339834,0.6193291752896025,0.48124434612339834,0.4765325433963652,0.5585534929188236,0.5806320789606018,0.7612002952615877,0.7559155153247579,0.48487317917897527,0.5907906168549087,9817,0.7414330518517454,0.8001591861976118,0.5346562802069711,0.8502577086535853,0.6564965440201075,11059,0.5910451882105415,0.6799997165104279,0.5674157303370787,0.1086021505376344,0.18231046931407943,3720,0.40941799681951824,0.8034419830767234,False
171,l2_C1_none,l2,1.0,none,0.3,0.55,24596,0.5822150263582444,0.005715261537429958,0.7617008895591312,256,0.577329647097089,0.47134673285916534,0.6239419779520058,0.47134673285916534,0.4650101828558204,0.5381589806471151,0.582215740040551,0.7623213335506999,0.8081041360487088,0.39207497198736885,0.5279835390946502,9817,0.7422692989218884,0.8014288518249209,0.5209290050145157,0.8923953341170088,0.6578456205839222,11059,0.5930146195990714,0.6807071913228571,0.5427927927927928,0.1295698924731183,0.2092013888888889,3720,0.4113633016006932,0.8048279575043216,False
172,l2_C0.3_none,l2,0.3,none,0.3,0.55,24596,0.582262617974212,0.005690691910782053,0.7617527813159851,182,0.5772076760448853,0.4712524954287562,0.6237894410074433,0.4712524954287562,0.46491525979272375,0.5380396957842336,0.5822251958029093,0.7623721257356278,0.8077246011754828,0.39197310787409595,0.5278101639119402,9817,0.7422577040887777,0.8014311470241711,0.5208509290540541,0.8922144859390542,0.6577342265773423,11059,0.5930517081426985,0.680757309660716,0.5427927927927928,0.1295698924731183,0.2092013888888889,3720,0.41136617517725166,0.8049279205219967,False
173,l1_C1_none,l1,1.0,none,0.3,0.55,24596,0.582338217694888,0.00567769292972502,0.7617992042920387,296,0.5770857049926817,0.47098749156588693,0.6229612476990986,0.47098749156588693,0.4645059311834064,0.5378477012760966,0.5822848572891787,0.7624006307021401,0.8074260541220893,0.39207497198736885,0.527838727372463,9817,0.7422814336145833,0.8014059480798497,0.5208256347991342,0.8921240618500769,0.6576894873675089,11059,0.5931052351760168,0.6807784778617922,0.5406320541760722,0.12876344086021504,0.20798957881024752,3720,0.4114679030769361,0.8050174661647783,False
174,l1_C0.3_none,l1,0.3,none,0.3,0.55,24596,0.5824132261226789,0.0057193790616464875,0.7618586944514157,133,0.5766384778012685,0.4705255678051254,0.6232283116468876,0.4705255678051254,0.46397273235618547,0.5373038114054955,0.5823343342790378,0.762464848146356,0.8052763819095478,0.39176937964755015,0.5271020352223669,9817,0.7421531487481658,0.8012590760053027,0.5205088951063718,0.891581517316213,0.6572895140323979,11059,0.5930376377499241,0.6808864764338973,0.5438996579247435,0.1282258064516129,0.2075266478137916,3720,0.4118122163390234,0.8052489919998681,False
175,l2_C0.1_none,l2,0.1,none,0.3,0.55,24596,0.5822717972088928,0.00576893813419317,0.7617850648717264,115,0.5767604488534721,0.470577858479784,0.6233483275465286,0.470577858479784,0.46389962766553466,0.5372692343072355,0.5822371569695791,0.7624022364289208,0.8074089665333614,0.3907507385148212,0.5266337177375069,9817,0.7421798272643243,0.8013842160581196,0.5205905615607699,0.892757030472918,0.657673860911271,11059,0.5931388352732905,0.6808049498027406,0.5420454545454545,0.1282258064516129,0.2073913043478261,3720,0.4113928083711225,0.8050175434259024,False
176,l1_C0.1_none,l1,0.1,none,0.3,0.55,24596,0.5821450609482755,0.006076319989659939,0.7617085739149083,68,0.5766384778012685,0.4698119953438303,0.6229481619407305,0.4698119953438303,0.46267337488209875,0.5368456247042191,0.5822168712498262,0.7623581204750906,0.8064583770182429,0.39176937964755015,0.5273549979432333,9817,0.7420554221308716,0.8010218158137339,0.5204280668459065,0.8926666063839407,0.657519648328227,11059,0.5926922768353683,0.6808628901549449,0.541958041958042,0.125,0.20314547837483618,3720,0.4119029147832388,0.8051896554565926,False
177,l2_C0.03_none,l2,0.03,none,0.3,0.55,24596,0.5822498678444673,0.005863386823711832,0.7617057570221293,59,0.5760692795576516,0.4688113410690791,0.6239181310117407,0.4688113410690791,0.4610529644295384,0.5355741537697516,0.582101547037125,0.7623500396843094,0.8070583262890956,0.389019048589182,0.524984535019589,9817,0.7419221284927483,0.8012072031237483,0.52,0.8945655122524641,0.657691796303683,11059,0.5930997614515003,0.6808325706646687,0.5446960667461264,0.1228494623655914,0.20048256196534328,3720,0.41128275116712615,0.8050103452645112,False
178,l1_C0.03_none,l1,0.03,none,0.3,0.55,24596,0.5819891453515743,0.006132456433578194,0.7615015899260377,104,0.574930883070418,0.46721865643913535,0.6259107358447079,0.46721865643913535,0.45856079269779954,0.5333341951657167,0.582172045658279,0.7621815846332676,0.810467370234762,0.38331465824589994,0.5204702627939143,9817,0.7418253223260594,0.8006151313195494,0.5189172240802675,0.8979112035446243,0.6577247888723299,11059,0.5926225027859117,0.6808869306584706,0.5483476132190942,0.12043010752688173,0.1974873264271545,3720,0.41206831186286563,0.8050426919217829,False
179,l2_C0.01_none,l2,0.01,none,0.3,0.55,24596,0.5817874567745339,0.006187327128042744,0.7614523805355653,29,0.5745243128964059,0.4661098859032546,0.6256678725601463,0.4661098859032546,0.45669919630967853,0.5322789364767991,0.5818777954753303,0.7621382556012218,0.8097497842968076,0.3823978812264439,0.5194769252058397,9817,0.7413842530492514,0.8008419011409711,0.5187040225387385,0.8989962926123519,0.6578442400582281,11059,0.5928116073003779,0.6807945226768712,0.5485498108448928,0.11693548387096774,0.19277642366496786,3720,0.4114375260763616,0.8047783429858231,False
180,l1_C0.01_none,l1,0.01,none,0.3,0.55,24596,0.5797253614600522,0.008076054617060398,0.7604022695095017,128,0.5735892014961782,0.46329105176345836,0.6336429863589107,0.46329105176345836,0.4515995432730508,0.5288121034193528,0.5806320789606018,0.7612002952615877,0.8161454868041694,0.3748599368442498,0.5137512215552142,9817,0.7414330518517454,0.8001591861976118,0.5173677419354838,0.9064110679084908,0.6587369389498587,11059,0.5910451882105415,0.6799997165104279,0.5674157303370787,0.1086021505376344,0.18231046931407943,3720,0.40941799681951824,0.8034419830767234,False
